filename,width,height,class,xmin,ymin,xmax,ymax
DJI_0746_02_04.png,1318,1320,Rock Check Dam,855,237,676,0
DJI_0429_03_03.png,1318,1320,Rock Check Dam,1048,761,1310,461
DJI_0429_03_03.png,1318,1320,Rock Check Dam,513,54,268,343
DJI_0966_01_03.png,1318,1320,Rock Check Dam,602,1,897,53
DJI_0966_01_03.png,1318,1320,Rock Check Dam,466,1109,944,1312
DJI_0442_02_02.png,1318,1320,Rock Check Dam,913,118,768,334
DJI_0425_02_02.png,1318,1320,Rock Check Dam,1089,734,848,1087
DJI_0425_02_02.png,1318,1320,Rock Check Dam,490,732,286,1012
DJI_0830_03_01.png,1318,1320,Rock Check Dam,282,3,527,330
DJI_0495_01_04.png,1318,1320,Rock Check Dam,1196,1146,1319,1316
DJI_0785_03_04.png,1318,1320,Rock Check Dam,211,520,412,6
DJI_0445_03_02.png,1318,1320,Rock Check Dam,555,1005,343,1317
DJI_0441_01_03.png,1318,1320,Rock Check Dam,648,1033,455,1241
DJI_0441_01_03.png,1318,1320,Rock Check Dam,1319,1133,1130,1317
DJI_0989_02_03.png,1318,1320,Rock Check Dam,431,958,790,1132
DJI_0809_01_01.png,1318,1320,Rock Check Dam,108,498,276,738
DJI_0722_02_01.png,1318,1320,Rock Check Dam,1108,1209,1234,1317
DJI_0626_01_01.png,1318,1320,Rock Check Dam,562,540,779,668
DJI_0822_03_03.png,1318,1320,Rock Check Dam,270,0,569,474
DJI_0758_03_01.png,1318,1320,Rock Check Dam,300,413,580,0
DJI_0875_01_02.png,1318,1320,Rock Check Dam,405,509,997,656
DJI_0986_01_03.png,1318,1320,Rock Check Dam,565,595,869,736
DJI_0728_01_01.png,1318,1320,Rock Check Dam,1318,820,1139,1215
DJI_0884_03_02.png,1318,1320,Rock Check Dam,1,350,484,556
DJI_0938_02_04.png,1318,1320,Rock Check Dam,772,646,1286,849
DJI_0781_01_04.png,1318,1320,Rock Check Dam,245,302,428,646
DJI_0477_01_03.png,1318,1320,Rock Check Dam,234,812,112,1050
DJI_0990_01_04.png,1318,1320,Rock Check Dam,683,149,941,302
DJI_0512_01_02.png,1318,1320,Rock Check Dam,1061,506,1200,360
DJI_0674_01_04.png,1318,1320,Rock Check Dam,259,716,482,849
DJI_0952_03_04.png,1318,1320,Rock Check Dam,576,1063,1117,1274
DJI_0980_02_03.png,1318,1320,Rock Check Dam,565,157,858,310
DJI_0462_03_02.png,1318,1320,Rock Check Dam,682,1,512,215
DJI_0797_02_01.png,1318,1320,Rock Check Dam,239,606,474,282
DJI_0811_02_01.png,1318,1320,Rock Check Dam,1314,545,1190,884
DJI_0905_02_02.png,1318,1320,Rock Check Dam,142,451,650,640
DJI_0721_02_01.png,1318,1320,Rock Check Dam,1317,787,1224,501
DJI_0721_02_01.png,1318,1320,Rock Check Dam,1,509,22,418
DJI_0443_02_01.png,1318,1320,Rock Check Dam,424,610,251,834
DJI_0424_02_03.png,1318,1320,Rock Check Dam,1300,260,1102,581
DJI_0766_02_02.png,1318,1320,Rock Check Dam,508,696,716,1317
DJI_0686_02_03.png,1318,1320,Rock Check Dam,685,1085,326,1257
DJI_0462_03_03.png,1318,1320,Rock Check Dam,403,144,244,398
DJI_0402_03_02.png,1318,1320,Rock Check Dam,852,136,622,0
DJI_0461_03_04.png,1318,1320,Rock Check Dam,930,3,812,41
DJI_0519_02_02.png,1318,1320,Rock Check Dam,952,1110,748,1317
DJI_0421_03_04.png,1318,1320,Rock Check Dam,1031,947,1319,1316
DJI_0868_01_02.png,1318,1320,Rock Check Dam,811,716,1267,889
DJI_0945_03_04.png,1318,1320,Rock Check Dam,689,1256,1313,1317
DJI_0764_02_03.png,1318,1320,Rock Check Dam,883,2,1025,81
DJI_0949_01_04.png,1318,1320,Rock Check Dam,159,263,588,387
DJI_0422_01_04.png,1318,1320,Rock Check Dam,0,391,74,667
DJI_0770_03_03.png,1318,1320,Rock Check Dam,419,368,610,843
DJI_0944_02_04.png,1318,1320,Rock Check Dam,302,2,816,91
DJI_0944_02_04.png,1318,1320,Rock Check Dam,335,233,826,389
DJI_0484_03_01.png,1318,1320,Rock Check Dam,1082,1316,1247,947
DJI_0744_01_03.png,1318,1320,Rock Check Dam,508,320,687,0
DJI_0744_01_03.png,1318,1320,Rock Check Dam,828,351,985,0
DJI_0994_01_03.png,1318,1320,Rock Check Dam,508,806,808,925
DJI_0672_01_03.png,1318,1320,Rock Check Dam,624,1,909,56
DJI_0672_01_03.png,1318,1320,Rock Check Dam,617,971,892,1118
DJI_0766_02_01.png,1318,1320,Rock Check Dam,2,738,162,1207
DJI_0766_02_01.png,1318,1320,Rock Check Dam,242,1288,501,804
DJI_0645_01_03.png,1318,1320,Rock Check Dam,779,320,1013,475
DJI_0645_01_03.png,1318,1320,Rock Check Dam,752,734,1033,910
DJI_0645_01_03.png,1318,1320,Rock Check Dam,727,1205,1077,1317
DJI_0746_01_04.png,1318,1320,Rock Check Dam,822,988,658,1317
DJI_0689_01_03.png,1318,1320,Rock Check Dam,293,57,521,172
DJI_0789_01_02.png,1318,1320,Rock Check Dam,1102,154,1273,0
DJI_0789_01_02.png,1318,1320,Rock Check Dam,496,0,578,20
DJI_0440_01_03.png,1318,1320,Rock Check Dam,733,427,551,616
DJI_0762_01_02.png,1318,1320,Rock Check Dam,1039,213,1186,1
DJI_0424_02_01.png,1318,1320,Rock Check Dam,464,2,655,196
DJI_0424_02_01.png,1318,1320,Rock Check Dam,1319,320,1192,96
DJI_0780_03_03.png,1318,1320,Rock Check Dam,1,1061,125,1317
DJI_0872_02_02.png,1318,1320,Rock Check Dam,586,3,1059,171
DJI_0841_03_01.png,1318,1320,Rock Check Dam,3,431,104,731
DJI_0963_01_03.png,1318,1320,Rock Check Dam,626,585,1071,750
DJI_0617_02_01.png,1318,1320,Rock Check Dam,390,564,635,685
DJI_0795_03_03.png,1318,1320,Rock Check Dam,1184,1153,1319,1316
DJI_0736_01_03.png,1318,1320,Rock Check Dam,376,405,217,684
DJI_0946_03_04.png,1318,1320,Rock Check Dam,450,3,1040,139
DJI_0946_03_04.png,1318,1320,Rock Check Dam,486,325,1052,520
DJI_0476_01_02.png,1318,1320,Rock Check Dam,0,110,35,246
DJI_0743_02_02.png,1318,1320,Rock Check Dam,166,1212,460,868
DJI_0755_01_04.png,1318,1320,Rock Check Dam,1065,1025,1211,1317
DJI_0444_03_02.png,1318,1320,Rock Check Dam,676,230,475,515
DJI_0716_02_03.png,1318,1320,Rock Check Dam,422,1043,581,1317
DJI_0747_02_03.png,1318,1320,Rock Check Dam,700,382,531,834
DJI_0747_02_03.png,1318,1320,Rock Check Dam,376,312,173,812
DJI_0828_01_01.png,1318,1320,Rock Check Dam,749,1210,906,1316
DJI_0864_02_03.png,1318,1320,Rock Check Dam,10,753,476,1017
DJI_0791_02_04.png,1318,1320,Rock Check Dam,622,1,763,141
DJI_0759_03_03.png,1318,1320,Rock Check Dam,817,901,650,1317
DJI_0848_03_02.png,1318,1320,Rock Check Dam,724,150,916,473
DJI_0973_01_03.png,1318,1320,Rock Check Dam,574,998,844,1149
DJI_0646_03_03.png,1318,1320,Rock Check Dam,997,1106,552,822
DJI_0993_01_03.png,1318,1320,Rock Check Dam,543,250,827,344
DJI_0780_03_04.png,1318,1320,Rock Check Dam,376,1218,623,1317
DJI_0780_03_04.png,1318,1320,Rock Check Dam,994,1243,856,1316
DJI_0630_02_01.png,1318,1320,Rock Check Dam,534,584,268,770
DJI_0630_02_01.png,1318,1320,Rock Check Dam,634,2,447,61
DJI_0871_01_02.png,1318,1320,Rock Check Dam,656,736,1102,899
DJI_0899_02_02.png,1318,1320,Rock Check Dam,511,991,1025,1182
DJI_0494_01_01.png,1318,1320,Rock Check Dam,157,205,328,68
DJI_0765_02_01.png,1318,1320,Rock Check Dam,84,584,350,98
DJI_0765_02_01.png,1318,1320,Rock Check Dam,441,602,691,157
DJI_0893_03_02.png,1318,1320,Rock Check Dam,462,467,994,729
DJI_0799_01_02.png,1318,1320,Rock Check Dam,396,287,583,3
DJI_0977_03_03.png,1318,1320,Rock Check Dam,451,1202,789,1317
DJI_0730_02_02.png,1318,1320,Rock Check Dam,1105,987,1308,1317
DJI_0496_02_02.png,1318,1320,Rock Check Dam,1244,151,1114,357
DJI_0753_01_03.png,1318,1320,Rock Check Dam,1050,2,926,182
DJI_0960_02_03.png,1318,1320,Rock Check Dam,713,177,1092,353
DJI_0676_02_03.png,1318,1320,Rock Check Dam,583,306,814,433
DJI_0688_02_03.png,1318,1320,Rock Check Dam,547,422,297,571
DJI_0693_02_03.png,1318,1320,Rock Check Dam,312,3,590,136
DJI_0693_02_03.png,1318,1320,Rock Check Dam,344,947,617,1115
DJI_0684_02_03.png,1318,1320,Rock Check Dam,616,2,292,96
DJI_0940_01_01.png,1318,1320,Rock Check Dam,599,325,1031,443
DJI_0961_03_03.png,1318,1320,Rock Check Dam,692,1087,1043,1288
DJI_0740_03_02.png,1318,1320,Rock Check Dam,1015,468,1218,65
DJI_0939_03_04.png,1318,1320,Rock Check Dam,882,113,1319,314
DJI_0723_03_01.png,1318,1320,Rock Check Dam,850,964,1073,616
DJI_0753_03_03.png,1318,1320,Rock Check Dam,890,1287,661,709
DJI_0753_03_03.png,1318,1320,Rock Check Dam,1075,744,1278,1317
DJI_0956_01_01.png,1318,1320,Rock Check Dam,637,880,817,943
DJI_0461_02_02.png,1318,1320,Rock Check Dam,838,632,672,864
DJI_0905_01_02.png,1318,1320,Rock Check Dam,274,174,714,303
DJI_0784_02_02.png,1318,1320,Rock Check Dam,884,610,1073,1081
DJI_0494_01_03.png,1318,1320,Rock Check Dam,952,429,768,649
DJI_0494_01_03.png,1318,1320,Rock Check Dam,174,357,55,520
DJI_0831_03_04.png,1318,1320,Rock Check Dam,150,1014,333,1316
DJI_0898_01_02.png,1318,1320,Rock Check Dam,628,344,1238,536
DJI_0727_01_03.png,1318,1320,Rock Check Dam,276,471,89,796
DJI_0962_01_03.png,1318,1320,Rock Check Dam,662,101,1102,270
DJI_0962_01_03.png,1318,1320,Rock Check Dam,630,1236,1055,1317
DJI_0780_01_03.png,1318,1320,Rock Check Dam,165,1,27,33
DJI_0413_01_02.png,1318,1320,Rock Check Dam,906,110,662,626
DJI_0776_03_02.png,1318,1320,Rock Check Dam,466,68,232,471
DJI_0991_03_03.png,1318,1320,Rock Check Dam,678,713,981,874
DJI_0756_02_03.png,1318,1320,Rock Check Dam,751,508,886,126
DJI_0443_02_04.png,1318,1320,Rock Check Dam,1258,1078,1045,1317
DJI_0443_02_04.png,1318,1320,Rock Check Dam,631,1099,442,1317
DJI_0946_01_04.png,1318,1320,Rock Check Dam,206,1,544,80
DJI_0946_01_04.png,1318,1320,Rock Check Dam,282,1109,716,1244
DJI_0942_01_04.png,1318,1320,Rock Check Dam,199,149,641,291
DJI_0942_01_04.png,1318,1320,Rock Check Dam,221,410,659,534
DJI_0870_02_02.png,1318,1320,Rock Check Dam,710,544,1222,733
DJI_0887_02_02.png,1318,1320,Rock Check Dam,243,561,724,751
DJI_0517_03_02.png,1318,1320,Rock Check Dam,333,1110,530,833
DJI_0718_01_02.png,1318,1320,Rock Check Dam,294,380,449,175
DJI_0950_02_01.png,1318,1320,Rock Check Dam,169,1068,458,1212
DJI_0627_01_01.png,1318,1320,Rock Check Dam,882,232,654,388
DJI_0627_01_01.png,1318,1320,Rock Check Dam,710,1054,482,1209
DJI_0764_01_02.png,1318,1320,Rock Check Dam,901,815,718,1317
DJI_0493_01_04.png,1318,1320,Rock Check Dam,1317,175,1268,330
DJI_0631_01_04.png,1318,1320,Rock Check Dam,483,1223,714,1317
DJI_0425_02_03.png,1318,1320,Rock Check Dam,1279,912,1048,1272
DJI_0747_02_02.png,1318,1320,Rock Check Dam,1,665,143,233
DJI_0412_03_04.png,1318,1320,Rock Check Dam,1247,1277,1129,1317
DJI_0412_03_04.png,1318,1320,Rock Check Dam,620,1201,426,1317
DJI_0870_03_02.png,1318,1320,Rock Check Dam,695,582,1288,803
DJI_0426_03_02.png,1318,1320,Rock Check Dam,982,109,721,505
DJI_0426_03_02.png,1318,1320,Rock Check Dam,345,103,102,429
DJI_0757_02_04.png,1318,1320,Rock Check Dam,1174,989,1318,1317
DJI_0884_02_02.png,1318,1320,Rock Check Dam,297,153,739,322
DJI_0992_01_03.png,1318,1320,Rock Check Dam,593,982,876,1099
DJI_0456_01_04.png,1318,1320,Rock Check Dam,948,3,1104,94
DJI_0975_02_03.png,1318,1320,Rock Check Dam,513,923,802,1089
DJI_0731_03_02.png,1318,1320,Rock Check Dam,1232,382,986,887
DJI_0996_02_03.png,1318,1320,Rock Check Dam,510,734,855,875
DJI_0738_01_01.png,1318,1320,Rock Check Dam,950,1233,1095,1317
DJI_0459_02_04.png,1318,1320,Rock Check Dam,968,2,823,151
DJI_0683_03_03.png,1318,1320,Rock Check Dam,738,812,458,977
DJI_0683_03_03.png,1318,1320,Rock Check Dam,447,1,514,70
DJI_0844_01_04.png,1318,1320,Rock Check Dam,1247,344,1319,580
DJI_0696_03_03.png,1318,1320,Rock Check Dam,789,685,457,946
DJI_0828_02_02.png,1318,1320,Rock Check Dam,1220,26,1319,305
DJI_0986_03_03.png,1318,1320,Rock Check Dam,516,13,812,192
DJI_0628_01_01.png,1318,1320,Rock Check Dam,882,206,658,354
DJI_0628_01_01.png,1318,1320,Rock Check Dam,758,805,519,984
DJI_0465_03_02.png,1318,1320,Rock Check Dam,688,1,885,156
DJI_0762_01_03.png,1318,1320,Rock Check Dam,1074,1,1214,281
DJI_0691_01_03.png,1318,1320,Rock Check Dam,527,294,274,470
DJI_0691_01_03.png,1318,1320,Rock Check Dam,538,1136,295,1301
DJI_0638_03_04.png,1318,1320,Rock Check Dam,497,199,1286,498
DJI_0763_01_01.png,1318,1320,Rock Check Dam,521,656,758,260
DJI_0763_01_01.png,1318,1320,Rock Check Dam,831,675,1053,316
DJI_0895_01_03.png,1318,1320,Rock Check Dam,1,157,93,265
DJI_0478_02_03.png,1318,1320,Rock Check Dam,124,44,7,315
DJI_0735_01_04.png,1318,1320,Rock Check Dam,359,360,248,143
DJI_0766_03_03.png,1318,1320,Rock Check Dam,839,75,976,0
DJI_0426_03_03.png,1318,1320,Rock Check Dam,1269,302,1014,719
DJI_0663_03_03.png,1318,1320,Rock Check Dam,858,961,581,1129
DJI_0952_03_01.png,1318,1320,Rock Check Dam,2,1198,126,1313
DJI_0797_03_03.png,1318,1320,Rock Check Dam,318,16,101,318
DJI_0685_03_03.png,1318,1320,Rock Check Dam,804,1192,399,1317
DJI_0900_02_02.png,1318,1320,Rock Check Dam,409,85,1061,284
DJI_0954_01_01.png,1318,1320,Rock Check Dam,781,99,947,156
DJI_0683_01_03.png,1318,1320,Rock Check Dam,619,732,297,870
DJI_0959_01_03.png,1318,1320,Rock Check Dam,751,919,1110,1091
DJI_0941_01_04.png,1318,1320,Rock Check Dam,350,1060,1013,1203
DJI_0679_03_03.png,1318,1320,Rock Check Dam,569,1022,851,1212
DJI_0827_01_03.png,1318,1320,Rock Check Dam,3,757,143,1019
DJI_0731_03_01.png,1318,1320,Rock Check Dam,835,132,546,665
DJI_0896_01_02.png,1318,1320,Rock Check Dam,883,374,1312,543
DJI_0896_01_02.png,1318,1320,Rock Check Dam,800,625,1287,827
DJI_0828_02_04.png,1318,1320,Rock Check Dam,114,157,266,463
DJI_0940_01_04.png,1318,1320,Rock Check Dam,283,485,916,620
DJI_0898_02_02.png,1318,1320,Rock Check Dam,633,306,1132,496
DJI_0898_02_02.png,1318,1320,Rock Check Dam,555,615,1095,844
DJI_0941_03_04.png,1318,1320,Rock Check Dam,683,1,1090,77
DJI_0746_02_03.png,1318,1320,Rock Check Dam,391,136,251,0
DJI_0746_02_03.png,1318,1320,Rock Check Dam,776,1,579,167
DJI_0513_01_04.png,1318,1320,Rock Check Dam,938,1220,1069,1317
DJI_0997_03_03.png,1318,1320,Rock Check Dam,494,214,850,364
DJI_0668_03_03.png,1318,1320,Rock Check Dam,481,1263,687,1317
DJI_0948_01_04.png,1318,1320,Rock Check Dam,276,939,696,1074
DJI_0644_01_03.png,1318,1320,Rock Check Dam,835,244,1099,384
DJI_0644_01_03.png,1318,1320,Rock Check Dam,810,660,1147,834
DJI_0634_01_04.png,1318,1320,Rock Check Dam,143,254,759,446
DJI_0828_02_01.png,1318,1320,Rock Check Dam,710,1,909,176
DJI_0647_02_03.png,1318,1320,Rock Check Dam,613,1220,974,1317
DJI_0647_02_03.png,1318,1320,Rock Check Dam,647,640,944,818
DJI_0647_02_03.png,1318,1320,Rock Check Dam,678,129,930,291
DJI_0766_03_04.png,1318,1320,Rock Check Dam,1136,13,1213,0
DJI_0767_03_01.png,1318,1320,Rock Check Dam,1,849,284,285
DJI_0480_03_04.png,1318,1320,Rock Check Dam,785,267,613,557
DJI_0422_01_02.png,1318,1320,Rock Check Dam,1317,296,1200,549
DJI_0422_01_02.png,1318,1320,Rock Check Dam,883,315,719,515
DJI_0422_01_02.png,1318,1320,Rock Check Dam,392,296,204,474
DJI_0765_02_02.png,1318,1320,Rock Check Dam,607,678,815,70
DJI_0758_03_02.png,1318,1320,Rock Check Dam,474,484,674,0
DJI_0630_03_01.png,1318,1320,Rock Check Dam,317,363,47,539
DJI_0681_01_03.png,1318,1320,Rock Check Dam,669,1177,344,1317
DJI_0863_02_03.png,1318,1320,Rock Check Dam,23,199,474,450
DJI_0779_02_02.png,1318,1320,Rock Check Dam,1087,1018,832,1317
DJI_0648_02_03.png,1318,1320,Rock Check Dam,628,782,893,968
DJI_0648_02_03.png,1318,1320,Rock Check Dam,688,43,954,208
DJI_0985_02_03.png,1318,1320,Rock Check Dam,550,567,819,732
DJI_0940_03_04.png,1318,1320,Rock Check Dam,968,768,1319,1008
DJI_0983_03_03.png,1318,1320,Rock Check Dam,495,1125,841,1288
DJI_0957_02_01.png,1318,1320,Rock Check Dam,3,1,131,61
DJI_0820_02_03.png,1318,1320,Rock Check Dam,342,23,589,419
DJI_0888_03_02.png,1318,1320,Rock Check Dam,167,1,655,65
DJI_0397_02_04.png,1318,1320,Rock Check Dam,965,882,624,241
DJI_0399_03_04.png,1318,1320,Rock Check Dam,1147,1068,772,249
DJI_0937_02_01.png,1318,1320,Rock Check Dam,334,332,688,456
DJI_0975_01_03.png,1318,1320,Rock Check Dam,613,44,893,174
DJI_0482_03_02.png,1318,1320,Rock Check Dam,1043,1295,941,1316
DJI_0885_01_02.png,1318,1320,Rock Check Dam,446,718,883,877
DJI_0964_02_03.png,1318,1320,Rock Check Dam,609,2,1019,49
DJI_0964_02_03.png,1318,1320,Rock Check Dam,514,1229,981,1317
DJI_0764_01_01.png,1318,1320,Rock Check Dam,276,1261,528,829
DJI_0764_01_01.png,1318,1320,Rock Check Dam,621,1289,846,892
DJI_0782_01_02.png,1318,1320,Rock Check Dam,1231,754,1050,1141
DJI_0845_01_03.png,1318,1320,Rock Check Dam,884,749,1050,1011
DJI_0478_01_01.png,1318,1320,Rock Check Dam,968,1164,778,1317
DJI_0478_01_01.png,1318,1320,Rock Check Dam,152,1091,0,1285
DJI_0979_02_03.png,1318,1320,Rock Check Dam,499,1072,850,1251
DJI_0954_03_04.png,1318,1320,Rock Check Dam,517,781,1062,998
DJI_0422_01_01.png,1318,1320,Rock Check Dam,1048,218,868,395
DJI_0422_01_01.png,1318,1320,Rock Check Dam,195,126,45,278
DJI_0748_02_04.png,1318,1320,Rock Check Dam,672,953,854,1317
DJI_0865_03_03.png,1318,1320,Rock Check Dam,4,90,473,377
DJI_0444_03_04.png,1318,1320,Rock Check Dam,1316,510,1078,940
DJI_0444_03_04.png,1318,1320,Rock Check Dam,665,527,435,885
DJI_0695_02_03.png,1318,1320,Rock Check Dam,378,1,589,57
DJI_0695_02_03.png,1318,1320,Rock Check Dam,400,416,676,578
DJI_0695_02_03.png,1318,1320,Rock Check Dam,719,1196,416,1317
DJI_0790_01_03.png,1318,1320,Rock Check Dam,1,720,124,507
DJI_0688_01_03.png,1318,1320,Rock Check Dam,526,875,290,992
DJI_0697_01_03.png,1318,1320,Rock Check Dam,579,591,262,805
DJI_0685_01_03.png,1318,1320,Rock Check Dam,252,115,486,239
DJI_0735_03_01.png,1318,1320,Rock Check Dam,942,482,612,1106
DJI_0735_03_01.png,1318,1320,Rock Check Dam,566,434,258,994
DJI_0965_01_03.png,1318,1320,Rock Check Dam,506,572,983,772
DJI_0754_01_01.png,1318,1320,Rock Check Dam,1037,540,1271,171
DJI_0746_01_01.png,1318,1320,Rock Check Dam,3,1146,217,785
DJI_0424_02_02.png,1318,1320,Rock Check Dam,1188,109,964,422
DJI_0424_02_02.png,1318,1320,Rock Check Dam,623,115,412,361
DJI_0424_02_02.png,1318,1320,Rock Check Dam,83,85,0,291
DJI_0717_03_01.png,1318,1320,Rock Check Dam,1094,1044,1319,514
DJI_0788_03_04.png,1318,1320,Rock Check Dam,534,806,785,1317
DJI_0881_02_02.png,1318,1320,Rock Check Dam,49,1095,621,1313
DJI_0404_01_02.png,1318,1320,Rock Check Dam,240,96,38,349
DJI_0942_02_04.png,1318,1320,Rock Check Dam,407,303,1088,461
DJI_0878_01_02.png,1318,1320,Rock Check Dam,355,656,842,826
DJI_0878_01_02.png,1318,1320,Rock Check Dam,333,936,779,1109
DJI_0631_03_01.png,1318,1320,Rock Check Dam,104,3,389,160
DJI_0631_03_01.png,1318,1320,Rock Check Dam,141,1189,0,1316
DJI_0833_03_04.png,1318,1320,Rock Check Dam,603,703,813,1041
DJI_0943_02_04.png,1318,1320,Rock Check Dam,497,1018,1227,1189
DJI_0816_03_02.png,1318,1320,Rock Check Dam,994,1050,1177,1316
DJI_0948_01_01.png,1318,1320,Rock Check Dam,447,1060,713,1171
DJI_0948_02_01.png,1318,1320,Rock Check Dam,144,987,531,1157
DJI_0647_01_03.png,1318,1320,Rock Check Dam,812,26,1028,157
DJI_0647_01_03.png,1318,1320,Rock Check Dam,737,764,986,929
DJI_0502_03_02.png,1318,1320,Rock Check Dam,4,1016,139,1317
DJI_0647_03_03.png,1318,1320,Rock Check Dam,612,1,1004,120
DJI_0720_01_02.png,1318,1320,Rock Check Dam,96,1256,216,1317
DJI_0501_02_01.png,1318,1320,Rock Check Dam,1124,613,885,944
DJI_0720_02_02.png,1318,1320,Rock Check Dam,39,191,215,0
DJI_0791_01_04.png,1318,1320,Rock Check Dam,539,1140,758,1317
DJI_0791_01_04.png,1318,1320,Rock Check Dam,2,1038,81,1317
DJI_0975_03_03.png,1318,1320,Rock Check Dam,362,437,750,665
DJI_0975_03_03.png,1318,1320,Rock Check Dam,364,913,664,1080
DJI_0627_03_01.png,1318,1320,Rock Check Dam,375,58,138,195
DJI_0627_03_01.png,1318,1320,Rock Check Dam,166,1225,0,1315
DJI_0830_03_04.png,1318,1320,Rock Check Dam,132,241,297,617
DJI_0980_01_03.png,1318,1320,Rock Check Dam,586,1,854,125
DJI_0721_02_03.png,1318,1320,Rock Check Dam,359,644,201,930
DJI_0947_02_01.png,1318,1320,Rock Check Dam,303,365,664,520
DJI_0762_01_04.png,1318,1320,Rock Check Dam,1211,3,1000,319
DJI_0819_01_01.png,1318,1320,Rock Check Dam,159,891,380,1317
DJI_0730_03_02.png,1318,1320,Rock Check Dam,1084,1,1238,163
DJI_0974_03_03.png,1318,1320,Rock Check Dam,413,40,692,232
DJI_0867_01_02.png,1318,1320,Rock Check Dam,859,185,1284,341
DJI_0867_01_02.png,1318,1320,Rock Check Dam,877,1168,1319,1316
DJI_0904_03_02.png,1318,1320,Rock Check Dam,242,19,693,196
DJI_0696_02_03.png,1318,1320,Rock Check Dam,651,1,279,213
DJI_0696_02_03.png,1318,1320,Rock Check Dam,692,554,381,723
DJI_0696_02_03.png,1318,1320,Rock Check Dam,733,1120,445,1317
DJI_0817_01_01.png,1318,1320,Rock Check Dam,560,0,720,216
DJI_0882_01_02.png,1318,1320,Rock Check Dam,481,401,894,557
DJI_0959_02_03.png,1318,1320,Rock Check Dam,755,908,1076,1077
DJI_0430_03_02.png,1318,1320,Rock Check Dam,897,903,659,1277
DJI_0430_03_02.png,1318,1320,Rock Check Dam,238,794,0,1242
DJI_0941_02_01.png,1318,1320,Rock Check Dam,226,716,730,896
DJI_0633_02_01.png,1318,1320,Rock Check Dam,562,578,196,818
DJI_0633_02_01.png,1318,1320,Rock Check Dam,478,1210,175,1316
DJI_0762_03_02.png,1318,1320,Rock Check Dam,455,861,228,1317
DJI_0628_03_01.png,1318,1320,Rock Check Dam,207,929,0,1086
DJI_0939_01_04.png,1318,1320,Rock Check Dam,244,67,858,191
DJI_0939_01_04.png,1318,1320,Rock Check Dam,489,1275,890,1317
DJI_0415_02_02.png,1318,1320,Rock Check Dam,686,1,423,629
DJI_0730_02_04.png,1318,1320,Rock Check Dam,94,1222,242,1317
DJI_0723_03_03.png,1318,1320,Rock Check Dam,11,1134,196,775
DJI_0757_02_02.png,1318,1320,Rock Check Dam,571,1223,765,730
DJI_0635_03_01.png,1318,1320,Rock Check Dam,271,872,0,1148
DJI_0969_02_03.png,1318,1320,Rock Check Dam,475,258,838,416
DJI_0776_02_01.png,1318,1320,Rock Check Dam,893,1247,1038,1317
DJI_0512_01_04.png,1318,1320,Rock Check Dam,983,650,1117,832
DJI_0728_01_03.png,1318,1320,Rock Check Dam,3,991,177,1317
DJI_0991_01_03.png,1318,1320,Rock Check Dam,699,389,982,510
DJI_0673_01_03.png,1318,1320,Rock Check Dam,544,227,878,380
DJI_0403_03_02.png,1318,1320,Rock Check Dam,682,409,369,1264
DJI_0752_02_01.png,1318,1320,Rock Check Dam,547,749,314,1146
DJI_0698_01_03.png,1318,1320,Rock Check Dam,665,1210,320,1317
DJI_0665_02_03.png,1318,1320,Rock Check Dam,555,539,779,710
DJI_0937_03_01.png,1318,1320,Rock Check Dam,128,582,455,843
DJI_0937_03_01.png,1318,1320,Rock Check Dam,6,1003,392,1246
DJI_0411_03_03.png,1318,1320,Rock Check Dam,550,34,251,420
DJI_0976_01_03.png,1318,1320,Rock Check Dam,599,510,879,647
DJI_0965_03_03.png,1318,1320,Rock Check Dam,458,563,945,753
DJI_0771_01_02.png,1318,1320,Rock Check Dam,948,1,1055,36
DJI_0425_02_01.png,1318,1320,Rock Check Dam,1237,701,1030,950
DJI_0425_02_01.png,1318,1320,Rock Check Dam,452,580,240,823
DJI_0784_02_01.png,1318,1320,Rock Check Dam,636,1087,861,679
DJI_0726_03_02.png,1318,1320,Rock Check Dam,1317,1164,1213,1317
DJI_0748_03_01.png,1318,1320,Rock Check Dam,1125,2,1219,70
DJI_0466_03_01.png,1318,1320,Rock Check Dam,747,857,547,1147
DJI_0716_03_03.png,1318,1320,Rock Check Dam,374,225,581,0
DJI_0716_02_01.png,1318,1320,Rock Check Dam,60,572,0,943
DJI_0729_02_03.png,1318,1320,Rock Check Dam,1,299,84,663
DJI_0501_02_02.png,1318,1320,Rock Check Dam,576,1065,397,1305
DJI_0731_03_04.png,1318,1320,Rock Check Dam,252,599,77,1160
DJI_0758_03_04.png,1318,1320,Rock Check Dam,1318,210,1224,626
DJI_0871_02_02.png,1318,1320,Rock Check Dam,649,1195,1179,1317
DJI_0786_03_02.png,1318,1320,Rock Check Dam,615,1307,856,773
DJI_0423_01_03.png,1318,1320,Rock Check Dam,1319,930,1162,1229
DJI_0658_03_03.png,1318,1320,Rock Check Dam,588,374,952,525
DJI_0648_01_03.png,1318,1320,Rock Check Dam,774,551,995,677
DJI_0952_02_01.png,1318,1320,Rock Check Dam,174,739,459,874
DJI_0682_01_03.png,1318,1320,Rock Check Dam,593,146,297,294
DJI_0726_01_02.png,1318,1320,Rock Check Dam,346,108,218,1
DJI_0775_02_03.png,1318,1320,Rock Check Dam,729,1309,921,810
DJI_0447_03_04.png,1318,1320,Rock Check Dam,954,1043,766,1317
DJI_0406_01_01.png,1318,1320,Rock Check Dam,1248,1239,1096,1317
DJI_0886_02_02.png,1318,1320,Rock Check Dam,355,2,812,157
DJI_0846_02_02.png,1318,1320,Rock Check Dam,944,19,1104,277
DJI_0873_02_02.png,1318,1320,Rock Check Dam,507,627,1001,825
DJI_0660_02_03.png,1318,1320,Rock Check Dam,685,263,926,394
DJI_0660_02_03.png,1318,1320,Rock Check Dam,950,1030,597,1236
DJI_0644_02_03.png,1318,1320,Rock Check Dam,731,615,1092,846
DJI_0874_03_02.png,1318,1320,Rock Check Dam,412,1,928,144
DJI_0393_02_01.png,1318,1320,Rock Check Dam,1185,574,910,960
DJI_0947_01_01.png,1318,1320,Rock Check Dam,561,554,819,660
DJI_0938_01_01.png,1318,1320,Rock Check Dam,633,294,1081,439
DJI_0881_01_02.png,1318,1320,Rock Check Dam,732,2,942,41
DJI_0881_01_02.png,1318,1320,Rock Check Dam,341,1023,781,1161
DJI_0740_03_04.png,1318,1320,Rock Check Dam,1,271,39,578
DJI_0957_01_04.png,1318,1320,Rock Check Dam,452,75,766,275
DJI_0957_01_04.png,1318,1320,Rock Check Dam,154,1126,429,1317
DJI_0737_01_04.png,1318,1320,Rock Check Dam,90,1091,216,1317
DJI_0767_03_04.png,1318,1320,Rock Check Dam,1007,287,1304,839
DJI_0837_01_01.png,1318,1320,Rock Check Dam,522,590,752,967
DJI_0826_01_01.png,1318,1320,Rock Check Dam,10,1,160,189
DJI_0826_01_01.png,1318,1320,Rock Check Dam,1080,57,1260,294
DJI_0773_02_04.png,1318,1320,Rock Check Dam,777,2,907,57
DJI_0967_02_03.png,1318,1320,Rock Check Dam,421,441,933,661
DJI_0748_02_01.png,1318,1320,Rock Check Dam,1103,1316,1319,917
DJI_0460_01_01.png,1318,1320,Rock Check Dam,413,1072,232,1317
DJI_0937_02_04.png,1318,1320,Rock Check Dam,682,12,1161,182
DJI_0797_02_02.png,1318,1320,Rock Check Dam,932,913,658,1282
DJI_0797_02_02.png,1318,1320,Rock Check Dam,353,774,614,1106
DJI_0463_03_03.png,1318,1320,Rock Check Dam,289,923,120,1203
DJI_0447_03_03.png,1318,1320,Rock Check Dam,1221,603,1026,858
DJI_0694_01_03.png,1318,1320,Rock Check Dam,545,208,220,419
DJI_0694_01_03.png,1318,1320,Rock Check Dam,582,706,299,837
DJI_0694_01_03.png,1318,1320,Rock Check Dam,612,1157,359,1317
DJI_0690_02_03.png,1318,1320,Rock Check Dam,557,672,307,812
DJI_0421_01_03.png,1318,1320,Rock Check Dam,2,39,172,0
DJI_0421_01_03.png,1318,1320,Rock Check Dam,1212,1,1319,112
DJI_0682_02_03.png,1318,1320,Rock Check Dam,361,408,712,616
DJI_0682_02_03.png,1318,1320,Rock Check Dam,655,1280,464,1317
DJI_0666_02_03.png,1318,1320,Rock Check Dam,540,1118,769,1278
DJI_0849_03_02.png,1318,1320,Rock Check Dam,634,1030,823,1316
DJI_0944_03_01.png,1318,1320,Rock Check Dam,0,180,520,340
DJI_0738_02_04.png,1318,1320,Rock Check Dam,7,625,158,368
DJI_0903_03_02.png,1318,1320,Rock Check Dam,5,999,719,1243
DJI_0637_02_04.png,1318,1320,Rock Check Dam,421,722,1133,984
DJI_0742_03_01.png,1318,1320,Rock Check Dam,22,1315,232,1081
DJI_0736_01_02.png,1318,1320,Rock Check Dam,4,170,176,482
DJI_0902_01_02.png,1318,1320,Rock Check Dam,508,112,935,264
DJI_0745_01_04.png,1318,1320,Rock Check Dam,866,470,697,999
DJI_0893_01_02.png,1318,1320,Rock Check Dam,1150,213,1319,386
DJI_0958_01_01.png,1318,1320,Rock Check Dam,3,3,259,91
DJI_0514_02_04.png,1318,1320,Rock Check Dam,903,406,1054,620
DJI_0442_02_01.png,1318,1320,Rock Check Dam,478,125,612,0
DJI_0416_03_02.png,1318,1320,Rock Check Dam,492,2,328,70
DJI_0980_03_03.png,1318,1320,Rock Check Dam,485,472,840,665
DJI_0459_01_04.png,1318,1320,Rock Check Dam,976,1284,841,1317
DJI_0757_03_04.png,1318,1320,Rock Check Dam,1223,2,1319,69
DJI_0813_03_01.png,1318,1320,Rock Check Dam,840,881,1064,1301
DJI_0633_03_01.png,1318,1320,Rock Check Dam,79,518,372,713
DJI_0633_03_01.png,1318,1320,Rock Check Dam,200,1,450,87
DJI_0941_03_01.png,1318,1320,Rock Check Dam,6,1247,277,1317
DJI_0686_01_03.png,1318,1320,Rock Check Dam,507,594,279,737
DJI_0973_03_03.png,1318,1320,Rock Check Dam,455,1098,859,1282
DJI_0726_01_04.png,1318,1320,Rock Check Dam,441,102,284,436
DJI_0849_03_03.png,1318,1320,Rock Check Dam,782,1059,993,1317
DJI_0696_01_03.png,1318,1320,Rock Check Dam,561,143,228,315
DJI_0495_01_03.png,1318,1320,Rock Check Dam,855,944,658,1196
DJI_0495_01_03.png,1318,1320,Rock Check Dam,4,870,47,1036
DJI_0791_01_03.png,1318,1320,Rock Check Dam,1,1028,39,1095
DJI_0791_01_03.png,1318,1320,Rock Check Dam,1317,1020,1274,1315
DJI_0789_01_04.png,1318,1320,Rock Check Dam,849,388,645,134
DJI_0789_01_04.png,1318,1320,Rock Check Dam,87,262,220,25
DJI_0979_01_03.png,1318,1320,Rock Check Dam,581,918,859,1054
DJI_0739_02_04.png,1318,1320,Rock Check Dam,3,877,104,1175
DJI_0496_02_03.png,1318,1320,Rock Check Dam,776,236,579,516
DJI_0944_01_04.png,1318,1320,Rock Check Dam,165,57,575,165
DJI_0944_01_04.png,1318,1320,Rock Check Dam,309,1239,817,1316
DJI_0825_01_04.png,1318,1320,Rock Check Dam,256,1,369,76
DJI_0794_03_01.png,1318,1320,Rock Check Dam,939,74,1142,399
DJI_0998_03_03.png,1318,1320,Rock Check Dam,510,1001,889,1178
DJI_0951_02_01.png,1318,1320,Rock Check Dam,313,132,597,250
DJI_0684_03_03.png,1318,1320,Rock Check Dam,778,556,396,803
DJI_0494_01_04.png,1318,1320,Rock Check Dam,1216,612,1319,812
DJI_0844_01_03.png,1318,1320,Rock Check Dam,922,241,1076,481
DJI_0666_02_01.png,1318,1320,Rock Check Dam,1054,2,1257,88
DJI_0399_02_02.png,1318,1320,Rock Check Dam,3,925,143,1289
DJI_0885_03_01.png,1318,1320,Rock Check Dam,1148,1188,1318,1317
DJI_0466_03_02.png,1318,1320,Rock Check Dam,335,1316,520,1065
DJI_0878_02_02.png,1318,1320,Rock Check Dam,153,960,880,1141
DJI_0949_02_01.png,1318,1320,Rock Check Dam,304,340,588,467
DJI_0827_01_04.png,1318,1320,Rock Check Dam,134,889,277,1159
DJI_0479_02_04.png,1318,1320,Rock Check Dam,775,922,609,1164
DJI_0741_03_02.png,1318,1320,Rock Check Dam,881,1199,1098,757
DJI_0459_01_03.png,1318,1320,Rock Check Dam,683,1043,541,1216
DJI_0943_01_01.png,1318,1320,Rock Check Dam,479,878,883,999
DJI_0777_03_01.png,1318,1320,Rock Check Dam,841,764,617,1184
DJI_0939_01_01.png,1318,1320,Rock Check Dam,710,1,1107,40
DJI_0939_01_01.png,1318,1320,Rock Check Dam,497,872,959,1027
DJI_0754_01_03.png,1318,1320,Rock Check Dam,837,720,965,401
DJI_0973_02_03.png,1318,1320,Rock Check Dam,450,343,806,539
DJI_0973_02_03.png,1318,1320,Rock Check Dam,459,718,731,901
DJI_0630_01_01.png,1318,1320,Rock Check Dam,807,205,499,409
DJI_0630_01_01.png,1318,1320,Rock Check Dam,747,706,468,858
DJI_0630_01_01.png,1318,1320,Rock Check Dam,685,1168,435,1317
DJI_0677_02_03.png,1318,1320,Rock Check Dam,543,896,790,1041
DJI_0457_01_04.png,1318,1320,Rock Check Dam,1050,241,896,388
DJI_0698_02_03.png,1318,1320,Rock Check Dam,310,2,614,88
DJI_0637_03_01.png,1318,1320,Rock Check Dam,286,630,0,861
DJI_0999_01_03.png,1318,1320,Rock Check Dam,466,954,794,1084
DJI_0734_03_03.png,1318,1320,Rock Check Dam,1,174,122,696
DJI_0809_01_02.png,1318,1320,Rock Check Dam,237,647,399,910
DJI_0898_03_02.png,1318,1320,Rock Check Dam,311,1025,864,1275
DJI_0851_02_01.png,1318,1320,Rock Check Dam,472,366,699,680
DJI_0823_03_03.png,1318,1320,Rock Check Dam,196,509,494,1057
DJI_0678_03_03.png,1318,1320,Rock Check Dam,538,267,799,436
DJI_0938_01_04.png,1318,1320,Rock Check Dam,417,656,813,796
DJI_0687_03_03.png,1318,1320,Rock Check Dam,713,478,348,643
DJI_0771_01_04.png,1318,1320,Rock Check Dam,800,1,943,296
DJI_0753_01_04.png,1318,1320,Rock Check Dam,1220,60,1090,315
DJI_0719_01_01.png,1318,1320,Rock Check Dam,186,846,401,553
DJI_0461_02_04.png,1318,1320,Rock Check Dam,930,1099,773,1317
DJI_0739_02_02.png,1318,1320,Rock Check Dam,1318,668,1167,1041
DJI_0826_01_04.png,1318,1320,Rock Check Dam,169,336,309,591
DJI_0812_03_04.png,1318,1320,Rock Check Dam,768,416,940,853
DJI_0812_03_04.png,1318,1320,Rock Check Dam,1098,826,1319,522
DJI_0812_03_04.png,1318,1320,Rock Check Dam,3,313,92,648
DJI_0987_01_03.png,1318,1320,Rock Check Dam,540,1164,861,1315
DJI_0498_03_03.png,1318,1320,Rock Check Dam,613,199,389,556
DJI_0947_01_04.png,1318,1320,Rock Check Dam,219,436,621,556
DJI_0792_02_03.png,1318,1320,Rock Check Dam,1318,294,1229,627
DJI_0752_03_04.png,1318,1320,Rock Check Dam,2,454,56,0
DJI_0398_03_04.png,1318,1320,Rock Check Dam,1007,1,774,234
DJI_0994_02_03.png,1318,1320,Rock Check Dam,533,961,851,1094
DJI_0813_03_04.png,1318,1320,Rock Check Dam,3,1210,64,1317
DJI_0461_02_01.png,1318,1320,Rock Check Dam,181,313,0,599
DJI_0761_01_04.png,1318,1320,Rock Check Dam,969,2,1115,122
DJI_0876_01_02.png,1318,1320,Rock Check Dam,508,1,829,67
DJI_0876_01_02.png,1318,1320,Rock Check Dam,329,992,984,1156
DJI_0459_01_01.png,1318,1320,Rock Check Dam,623,627,450,851
DJI_0949_02_04.png,1318,1320,Rock Check Dam,326,223,774,367
DJI_0513_02_04.png,1318,1320,Rock Check Dam,964,3,1097,105
DJI_0495_01_01.png,1318,1320,Rock Check Dam,2,564,74,726
DJI_0780_03_02.png,1318,1320,Rock Check Dam,712,1294,456,849
DJI_0626_03_01.png,1318,1320,Rock Check Dam,272,426,3,594
DJI_0417_03_02.png,1318,1320,Rock Check Dam,495,113,185,940
DJI_0409_03_01.png,1318,1320,Rock Check Dam,789,789,465,1271
DJI_0642_01_01.png,1318,1320,Rock Check Dam,17,71,633,388
DJI_0444_03_03.png,1318,1320,Rock Check Dam,1314,488,1096,805
DJI_0444_03_03.png,1318,1320,Rock Check Dam,466,378,247,688
DJI_0516_03_04.png,1318,1320,Rock Check Dam,926,458,1103,743
DJI_0458_01_04.png,1318,1320,Rock Check Dam,1026,661,874,830
DJI_0937_03_04.png,1318,1320,Rock Check Dam,1162,718,1319,921
DJI_0969_03_03.png,1318,1320,Rock Check Dam,327,567,907,799
DJI_0794_03_04.png,1318,1320,Rock Check Dam,791,850,529,427
DJI_0791_01_02.png,1318,1320,Rock Check Dam,112,1065,295,828
DJI_0791_01_02.png,1318,1320,Rock Check Dam,815,1235,1008,935
DJI_0791_01_02.png,1318,1320,Rock Check Dam,1115,1241,1319,1015
DJI_0774_02_01.png,1318,1320,Rock Check Dam,1184,237,1319,1
DJI_0901_01_02.png,1318,1320,Rock Check Dam,643,740,1031,891
DJI_0625_02_01.png,1318,1320,Rock Check Dam,379,94,589,209
DJI_0625_02_01.png,1318,1320,Rock Check Dam,145,1023,402,1191
DJI_0967_03_03.png,1318,1320,Rock Check Dam,395,536,933,732
DJI_0762_03_03.png,1318,1320,Rock Check Dam,645,1022,469,1317
DJI_0793_02_02.png,1318,1320,Rock Check Dam,543,1154,777,801
DJI_0793_02_02.png,1318,1320,Rock Check Dam,886,894,1136,1181
DJI_0764_02_02.png,1318,1320,Rock Check Dam,712,1,827,51
DJI_0737_01_01.png,1318,1320,Rock Check Dam,0,458,67,726
DJI_0737_01_01.png,1318,1320,Rock Check Dam,1093,1005,1312,665
DJI_0483_03_04.png,1318,1320,Rock Check Dam,516,1050,333,1317
DJI_0498_03_04.png,1318,1320,Rock Check Dam,1317,440,1181,788
DJI_0726_03_01.png,1318,1320,Rock Check Dam,929,918,700,1302
DJI_0697_02_03.png,1318,1320,Rock Check Dam,697,543,313,795
DJI_0697_02_03.png,1318,1320,Rock Check Dam,751,1180,417,1317
DJI_0755_01_01.png,1318,1320,Rock Check Dam,868,1054,1112,665
DJI_0996_03_03.png,1318,1320,Rock Check Dam,568,1234,921,1314
DJI_0773_01_02.png,1318,1320,Rock Check Dam,841,799,634,1084
DJI_0773_01_02.png,1318,1320,Rock Check Dam,24,947,190,685
DJI_0421_01_04.png,1318,1320,Rock Check Dam,0,157,126,0
DJI_0906_02_02.png,1318,1320,Rock Check Dam,2,1168,524,1315
DJI_0780_01_04.png,1318,1320,Rock Check Dam,373,1,524,91
DJI_0739_02_01.png,1318,1320,Rock Check Dam,928,412,684,829
DJI_0964_01_03.png,1318,1320,Rock Check Dam,565,136,1013,325
DJI_0964_01_03.png,1318,1320,Rock Check Dam,547,1198,1012,1315
DJI_0881_03_02.png,1318,1320,Rock Check Dam,2,153,531,389
DJI_0745_01_03.png,1318,1320,Rock Check Dam,666,908,839,523
DJI_0745_01_03.png,1318,1320,Rock Check Dam,522,465,341,881
DJI_0725_03_03.png,1318,1320,Rock Check Dam,73,488,314,201
DJI_0995_03_03.png,1318,1320,Rock Check Dam,540,399,879,564
DJI_0818_01_01.png,1318,1320,Rock Check Dam,353,347,554,730
DJI_0626_02_01.png,1318,1320,Rock Check Dam,244,699,476,832
DJI_0633_01_01.png,1318,1320,Rock Check Dam,441,609,761,782
DJI_0958_01_03.png,1318,1320,Rock Check Dam,874,388,1212,550
DJI_0879_03_02.png,1318,1320,Rock Check Dam,22,351,767,570
DJI_0811_02_02.png,1318,1320,Rock Check Dam,3,562,65,816
DJI_0499_03_03.png,1318,1320,Rock Check Dam,517,920,286,1316
DJI_0698_03_03.png,1318,1320,Rock Check Dam,372,1,793,256
DJI_0698_03_03.png,1318,1320,Rock Check Dam,850,681,479,909
DJI_0443_03_04.png,1318,1320,Rock Check Dam,1061,2,1319,141
DJI_0443_03_04.png,1318,1320,Rock Check Dam,641,1,481,74
DJI_0479_02_01.png,1318,1320,Rock Check Dam,774,441,564,753
DJI_0990_03_04.png,1318,1320,Rock Check Dam,3,110,79,254
DJI_0476_01_01.png,1318,1320,Rock Check Dam,1174,106,1319,334
DJI_0476_01_01.png,1318,1320,Rock Check Dam,468,54,600,213
DJI_0793_02_01.png,1318,1320,Rock Check Dam,1110,680,1301,971
DJI_0743_03_03.png,1318,1320,Rock Check Dam,553,718,856,236
DJI_0734_03_04.png,1318,1320,Rock Check Dam,484,550,270,1054
DJI_0457_01_02.png,1318,1320,Rock Check Dam,1251,3,1319,61
DJI_0965_02_03.png,1318,1320,Rock Check Dam,492,406,992,595
DJI_0429_03_04.png,1318,1320,Rock Check Dam,1043,1018,820,1305
DJI_0960_01_03.png,1318,1320,Rock Check Dam,744,50,1131,201
DJI_0493_01_03.png,1318,1320,Rock Check Dam,188,3,300,82
DJI_0493_01_03.png,1318,1320,Rock Check Dam,872,6,1052,191
DJI_0938_02_01.png,1318,1320,Rock Check Dam,410,299,779,460
DJI_0938_02_01.png,1318,1320,Rock Check Dam,193,995,541,1140
DJI_0765_02_03.png,1318,1320,Rock Check Dam,821,329,998,699
DJI_0972_02_03.png,1318,1320,Rock Check Dam,495,101,747,241
DJI_0502_03_01.png,1318,1320,Rock Check Dam,295,1191,561,787
DJI_0960_03_03.png,1318,1320,Rock Check Dam,716,282,1054,481
DJI_0749_03_03.png,1318,1320,Rock Check Dam,7,1003,242,387
DJI_0749_03_03.png,1318,1320,Rock Check Dam,658,1023,415,468
DJI_0851_03_04.png,1318,1320,Rock Check Dam,3,317,134,741
DJI_0690_03_03.png,1318,1320,Rock Check Dam,602,396,314,580
DJI_0776_03_01.png,1318,1320,Rock Check Dam,1024,1,839,302
DJI_0798_03_01.png,1318,1320,Rock Check Dam,1317,795,1165,1143
DJI_0412_01_02.png,1318,1320,Rock Check Dam,882,3,996,33
DJI_0713_03_04.png,1318,1320,Rock Check Dam,1319,405,1196,846
DJI_0788_03_02.png,1318,1320,Rock Check Dam,943,1285,1162,716
DJI_0765_02_04.png,1318,1320,Rock Check Dam,910,227,1149,664
DJI_0865_01_03.png,1318,1320,Rock Check Dam,0,123,60,227
DJI_0883_01_02.png,1318,1320,Rock Check Dam,380,965,787,1115
DJI_0664_02_03.png,1318,1320,Rock Check Dam,585,3,802,109
DJI_0439_01_04.png,1318,1320,Rock Check Dam,196,20,47,188
DJI_0439_01_04.png,1318,1320,Rock Check Dam,704,36,550,236
DJI_0439_01_04.png,1318,1320,Rock Check Dam,1275,265,1035,30
DJI_0722_03_03.png,1318,1320,Rock Check Dam,107,364,277,37
DJI_0414_02_03.png,1318,1320,Rock Check Dam,1226,3,1319,99
DJI_0874_02_02.png,1318,1320,Rock Check Dam,419,1257,886,1317
DJI_0478_02_01.png,1318,1320,Rock Check Dam,930,1,792,112
DJI_0739_02_03.png,1318,1320,Rock Check Dam,1317,877,1281,1157
DJI_0739_02_03.png,1318,1320,Rock Check Dam,3,671,38,854
DJI_0748_03_04.png,1318,1320,Rock Check Dam,701,1,896,319
DJI_0460_02_02.png,1318,1320,Rock Check Dam,971,43,821,258
DJI_0392_02_01.png,1318,1320,Rock Check Dam,1302,1,1090,302
DJI_0894_01_02.png,1318,1320,Rock Check Dam,933,791,1319,975
DJI_0754_01_02.png,1318,1320,Rock Check Dam,916,629,1082,272
DJI_0761_02_02.png,1318,1320,Rock Check Dam,634,1316,936,960
DJI_0465_03_04.png,1318,1320,Rock Check Dam,307,837,85,1212
DJI_0445_03_03.png,1318,1320,Rock Check Dam,403,1163,209,1317
DJI_0798_03_03.png,1318,1320,Rock Check Dam,1,1046,44,1317
DJI_0689_02_03.png,1318,1320,Rock Check Dam,541,81,314,209
DJI_0689_02_03.png,1318,1320,Rock Check Dam,579,1015,309,1188
DJI_0809_01_04.png,1318,1320,Rock Check Dam,3,934,136,1181
DJI_0809_01_04.png,1318,1320,Rock Check Dam,726,1037,868,1317
DJI_0809_01_04.png,1318,1320,Rock Check Dam,1024,1115,1215,1317
DJI_0943_02_01.png,1318,1320,Rock Check Dam,171,788,676,930
DJI_0520_03_02.png,1318,1320,Rock Check Dam,304,1241,523,963
DJI_0743_03_04.png,1318,1320,Rock Check Dam,777,1315,1052,856
DJI_0736_01_01.png,1318,1320,Rock Check Dam,63,312,301,0
DJI_0785_03_02.png,1318,1320,Rock Check Dam,751,515,969,0
DJI_0884_01_02.png,1318,1320,Rock Check Dam,528,223,945,370
DJI_0897_02_02.png,1318,1320,Rock Check Dam,784,1,1150,60
DJI_0483_03_03.png,1318,1320,Rock Check Dam,957,519,704,881
DJI_0482_03_01.png,1318,1320,Rock Check Dam,2,1020,170,1317
DJI_0793_02_03.png,1318,1320,Rock Check Dam,1317,894,1197,1246
DJI_0939_02_04.png,1318,1320,Rock Check Dam,504,1,909,122
DJI_0790_01_02.png,1318,1320,Rock Check Dam,939,694,1133,423
DJI_0790_01_02.png,1318,1320,Rock Check Dam,274,531,442,325
DJI_0961_01_03.png,1318,1320,Rock Check Dam,703,570,1106,727
DJI_0810_02_04.png,1318,1320,Rock Check Dam,1012,423,1242,697
DJI_0810_02_04.png,1318,1320,Rock Check Dam,715,347,912,690
DJI_0810_02_04.png,1318,1320,Rock Check Dam,3,229,102,516
DJI_0634_02_01.png,1318,1320,Rock Check Dam,365,1,592,56
DJI_0777_03_04.png,1318,1320,Rock Check Dam,979,1316,836,1068
DJI_0992_03_03.png,1318,1320,Rock Check Dam,628,104,946,282
DJI_0629_02_01.png,1318,1320,Rock Check Dam,643,2,385,158
DJI_0629_02_01.png,1318,1320,Rock Check Dam,444,946,197,1130
DJI_0463_03_02.png,1318,1320,Rock Check Dam,530,703,338,996
DJI_0834_03_03.png,1318,1320,Rock Check Dam,364,1139,569,1317
DJI_0690_01_03.png,1318,1320,Rock Check Dam,523,518,296,653
DJI_0645_02_03.png,1318,1320,Rock Check Dam,728,1,1076,84
DJI_0984_01_03.png,1318,1320,Rock Check Dam,555,1265,805,1317
DJI_0752_02_03.png,1318,1320,Rock Check Dam,1004,1182,787,1317
DJI_0752_02_03.png,1318,1320,Rock Check Dam,1317,1233,1236,1317
DJI_0481_03_02.png,1318,1320,Rock Check Dam,1151,756,981,1158
DJI_0903_01_02.png,1318,1320,Rock Check Dam,401,643,848,798
DJI_0880_03_02.png,1318,1320,Rock Check Dam,0,1158,619,1317
DJI_0695_01_03.png,1318,1320,Rock Check Dam,597,687,262,913
DJI_0695_01_03.png,1318,1320,Rock Check Dam,643,1222,347,1317
DJI_0499_03_02.png,1318,1320,Rock Check Dam,692,816,843,1112
DJI_0983_01_03.png,1318,1320,Rock Check Dam,576,633,817,765
DJI_0477_01_04.png,1318,1320,Rock Check Dam,813,1041,669,1237
DJI_0846_01_01.png,1318,1320,Rock Check Dam,57,1156,206,1314
DJI_0958_02_03.png,1318,1320,Rock Check Dam,848,261,1140,423
DJI_0810_02_02.png,1318,1320,Rock Check Dam,53,0,230,228
DJI_0440_01_04.png,1318,1320,Rock Check Dam,1258,774,999,510
DJI_0440_01_04.png,1318,1320,Rock Check Dam,659,527,476,753
DJI_0440_01_04.png,1318,1320,Rock Check Dam,147,506,0,696
DJI_0783_02_04.png,1318,1320,Rock Check Dam,387,437,192,23
DJI_0736_01_04.png,1318,1320,Rock Check Dam,158,581,284,810
DJI_0940_02_04.png,1318,1320,Rock Check Dam,550,480,990,646
DJI_0792_02_01.png,1318,1320,Rock Check Dam,1317,87,1267,364
DJI_0681_02_03.png,1318,1320,Rock Check Dam,648,671,400,815
DJI_0648_03_03.png,1318,1320,Rock Check Dam,555,685,965,956
DJI_0648_03_03.png,1318,1320,Rock Check Dam,581,22,909,237
DJI_0885_02_02.png,1318,1320,Rock Check Dam,198,778,655,967
DJI_0734_03_02.png,1318,1320,Rock Check Dam,1318,708,1201,220
DJI_0874_01_02.png,1318,1320,Rock Check Dam,490,1,1062,137
DJI_0874_01_02.png,1318,1320,Rock Check Dam,417,1163,814,1315
DJI_0695_03_03.png,1318,1320,Rock Check Dam,421,1,686,119
DJI_0695_03_03.png,1318,1320,Rock Check Dam,454,1078,761,1264
DJI_0904_01_02.png,1318,1320,Rock Check Dam,252,1201,726,1317
DJI_0390_01_01.png,1318,1320,Rock Check Dam,276,202,478,0
DJI_0443_02_03.png,1318,1320,Rock Check Dam,1316,1061,1121,1317
DJI_0443_02_03.png,1318,1320,Rock Check Dam,520,947,316,1226
DJI_0396_01_04.png,1318,1320,Rock Check Dam,774,820,513,312
DJI_0812_03_03.png,1318,1320,Rock Check Dam,1314,306,1224,635
DJI_0946_01_01.png,1318,1320,Rock Check Dam,669,72,920,177
DJI_0946_01_01.png,1318,1320,Rock Check Dam,434,1105,781,1239
DJI_0756_02_02.png,1318,1320,Rock Check Dam,702,425,880,0
DJI_0899_03_02.png,1318,1320,Rock Check Dam,417,18,989,253
DJI_0838_01_01.png,1318,1320,Rock Check Dam,362,1159,609,1316
DJI_0752_02_02.png,1318,1320,Rock Check Dam,803,947,615,1317
DJI_0811_03_04.png,1318,1320,Rock Check Dam,746,1,867,44
DJI_0811_03_04.png,1318,1320,Rock Check Dam,1087,0,1274,57
DJI_0993_03_03.png,1318,1320,Rock Check Dam,622,875,959,1064
DJI_0440_01_02.png,1318,1320,Rock Check Dam,1150,337,999,510
DJI_0833_02_02.png,1318,1320,Rock Check Dam,82,744,289,1047
DJI_0981_02_03.png,1318,1320,Rock Check Dam,552,878,865,1039
DJI_0735_03_04.png,1318,1320,Rock Check Dam,270,1168,436,1317
DJI_0635_01_04.png,1318,1320,Rock Check Dam,250,857,903,1056
DJI_0943_01_04.png,1318,1320,Rock Check Dam,248,682,748,843
DJI_0943_01_04.png,1318,1320,Rock Check Dam,276,968,744,1126
DJI_0982_01_03.png,1318,1320,Rock Check Dam,603,123,830,257
DJI_0982_01_03.png,1318,1320,Rock Check Dam,555,1096,840,1253
DJI_0987_03_03.png,1318,1320,Rock Check Dam,485,815,793,1018
DJI_0820_02_01.png,1318,1320,Rock Check Dam,4,179,234,630
DJI_0447_02_02.png,1318,1320,Rock Check Dam,868,1113,668,1316
DJI_0719_01_02.png,1318,1320,Rock Check Dam,176,913,342,684
DJI_0764_02_04.png,1318,1320,Rock Check Dam,967,1,1122,61
DJI_0774_02_04.png,1318,1320,Rock Check Dam,741,225,912,674
DJI_0892_02_02.png,1318,1320,Rock Check Dam,967,757,1319,1050
DJI_0779_03_04.png,1318,1320,Rock Check Dam,1114,930,812,1317
DJI_0779_03_04.png,1318,1320,Rock Check Dam,718,1115,405,764
DJI_0692_01_03.png,1318,1320,Rock Check Dam,548,729,283,906
DJI_0692_01_03.png,1318,1320,Rock Check Dam,527,120,296,284
DJI_0744_03_04.png,1318,1320,Rock Check Dam,777,1316,939,1268
DJI_0781_01_02.png,1318,1320,Rock Check Dam,1177,247,1319,610
DJI_0758_03_03.png,1318,1320,Rock Check Dam,691,568,835,84
DJI_0752_03_02.png,1318,1320,Rock Check Dam,731,1,538,292
DJI_0496_02_04.png,1318,1320,Rock Check Dam,1317,449,1179,716
DJI_0777_03_03.png,1318,1320,Rock Check Dam,853,972,664,1317
DJI_0792_02_02.png,1318,1320,Rock Check Dam,681,201,884,533
DJI_0792_02_02.png,1318,1320,Rock Check Dam,997,292,1231,567
DJI_0792_02_02.png,1318,1320,Rock Check Dam,3,95,127,356
DJI_0794_03_03.png,1318,1320,Rock Check Dam,1169,671,1319,293
DJI_0779_03_03.png,1318,1320,Rock Check Dam,421,113,172,474
DJI_0720_01_01.png,1318,1320,Rock Check Dam,41,1316,215,1113
DJI_0869_02_02.png,1318,1320,Rock Check Dam,770,2,1252,91
DJI_0869_02_02.png,1318,1320,Rock Check Dam,769,1125,1318,1310
DJI_0740_03_01.png,1318,1320,Rock Check Dam,407,257,632,0
DJI_0942_01_01.png,1318,1320,Rock Check Dam,610,332,990,449
DJI_0957_01_01.png,1318,1320,Rock Check Dam,533,3,899,164
DJI_0906_01_02.png,1318,1320,Rock Check Dam,156,716,601,844
DJI_0646_01_03.png,1318,1320,Rock Check Dam,779,271,1023,426
DJI_0646_01_03.png,1318,1320,Rock Check Dam,721,877,971,1050
DJI_0774_02_02.png,1318,1320,Rock Check Dam,721,58,504,378
DJI_0774_02_02.png,1318,1320,Rock Check Dam,0,187,34,0
DJI_0465_02_02.png,1318,1320,Rock Check Dam,897,1188,764,1317
DJI_0692_02_03.png,1318,1320,Rock Check Dam,307,320,581,482
DJI_0766_02_04.png,1318,1320,Rock Check Dam,953,856,1205,1316
DJI_0954_03_01.png,1318,1320,Rock Check Dam,10,916,207,1074
DJI_0744_03_01.png,1318,1320,Rock Check Dam,1017,1317,1245,882
DJI_0756_02_01.png,1318,1320,Rock Check Dam,692,340,934,0
DJI_0947_03_04.png,1318,1320,Rock Check Dam,528,699,1155,925
DJI_0947_03_04.png,1318,1320,Rock Check Dam,574,1134,1172,1317
DJI_0870_01_02.png,1318,1320,Rock Check Dam,704,250,1135,405
DJI_0852_03_03.png,1318,1320,Rock Check Dam,1099,1103,1293,1316
DJI_0774_01_01.png,1318,1320,Rock Check Dam,1234,1251,1319,1316
DJI_0953_03_01.png,1318,1320,Rock Check Dam,34,88,355,241
DJI_0661_03_03.png,1318,1320,Rock Check Dam,900,447,543,695
DJI_0865_01_02.png,1318,1320,Rock Check Dam,930,91,1319,253
DJI_0901_02_02.png,1318,1320,Rock Check Dam,234,785,955,998
DJI_0727_01_04.png,1318,1320,Rock Check Dam,349,641,172,1018
DJI_0730_03_04.png,1318,1320,Rock Check Dam,70,1,259,395
DJI_0484_03_03.png,1318,1320,Rock Check Dam,783,1268,657,1317
DJI_0497_02_03.png,1318,1320,Rock Check Dam,702,816,488,1134
DJI_0948_02_04.png,1318,1320,Rock Check Dam,393,1015,913,1185
DJI_0869_01_02.png,1318,1320,Rock Check Dam,769,1239,1236,1317
DJI_0481_03_01.png,1318,1320,Rock Check Dam,364,508,120,908
DJI_0875_03_02.png,1318,1320,Rock Check Dam,281,761,839,1003
DJI_0405_01_01.png,1318,1320,Rock Check Dam,1317,591,1147,909
DJI_0405_01_01.png,1318,1320,Rock Check Dam,3,527,54,677
DJI_0632_03_01.png,1318,1320,Rock Check Dam,297,649,2,865
DJI_0786_03_04.png,1318,1320,Rock Check Dam,205,765,439,1317
DJI_0815_02_01.png,1318,1320,Rock Check Dam,346,176,536,444
DJI_0761_03_04.png,1318,1320,Rock Check Dam,1031,1316,1256,1037
DJI_0950_02_04.png,1318,1320,Rock Check Dam,427,950,899,1136
DJI_0635_02_01.png,1318,1320,Rock Check Dam,166,568,531,781
DJI_0636_02_04.png,1318,1320,Rock Check Dam,307,84,1009,322
DJI_0481_03_04.png,1318,1320,Rock Check Dam,793,1049,617,1317
DJI_0838_02_01.png,1318,1320,Rock Check Dam,364,1,607,234
DJI_0618_01_01.png,1318,1320,Rock Check Dam,969,130,689,249
DJI_0871_03_02.png,1318,1320,Rock Check Dam,656,2,1184,77
DJI_0734_03_01.png,1318,1320,Rock Check Dam,739,2,494,306
DJI_0734_03_01.png,1318,1320,Rock Check Dam,1136,1,842,413
DJI_0946_02_04.png,1318,1320,Rock Check Dam,452,1251,988,1316
DJI_0734_02_01.png,1318,1320,Rock Check Dam,558,1102,781,1317
DJI_0734_02_01.png,1318,1320,Rock Check Dam,970,1165,1136,1317
DJI_0944_02_01.png,1318,1320,Rock Check Dam,338,123,764,251
DJI_0758_02_02.png,1318,1320,Rock Check Dam,555,1268,676,1316
DJI_0692_03_03.png,1318,1320,Rock Check Dam,612,777,338,934
DJI_0444_03_01.png,1318,1320,Rock Check Dam,24,240,211,0
DJI_0753_03_01.png,1318,1320,Rock Check Dam,0,972,151,498
DJI_0953_03_04.png,1318,1320,Rock Check Dam,428,1,951,157
DJI_0430_03_03.png,1318,1320,Rock Check Dam,1112,1201,909,1317
DJI_0430_03_03.png,1318,1320,Rock Check Dam,206,1019,0,1316
DJI_0892_01_03.png,1318,1320,Rock Check Dam,318,754,722,1050
DJI_0981_01_03.png,1318,1320,Rock Check Dam,579,533,858,698
DJI_0755_01_02.png,1318,1320,Rock Check Dam,803,1143,976,754
DJI_0972_03_03.png,1318,1320,Rock Check Dam,499,296,875,454
DJI_0972_03_03.png,1318,1320,Rock Check Dam,361,1160,795,1317
DJI_0972_01_03.png,1318,1320,Rock Check Dam,602,481,854,602
DJI_0972_01_03.png,1318,1320,Rock Check Dam,489,1081,819,1253
DJI_0963_02_03.png,1318,1320,Rock Check Dam,588,485,1037,657
DJI_0776_03_03.png,1318,1320,Rock Check Dam,881,130,698,695
DJI_0847_02_03.png,1318,1320,Rock Check Dam,813,756,1000,1073
DJI_0643_01_01.png,1318,1320,Rock Check Dam,2,2,179,49
DJI_0829_02_01.png,1318,1320,Rock Check Dam,500,569,723,884
DJI_0744_01_04.png,1318,1320,Rock Check Dam,807,451,957,0
DJI_0737_01_03.png,1318,1320,Rock Check Dam,96,1209,267,908
DJI_0950_01_04.png,1318,1320,Rock Check Dam,245,851,688,971
DJI_0946_03_01.png,1318,1320,Rock Check Dam,37,158,509,327
DJI_0845_01_01.png,1318,1320,Rock Check Dam,260,517,440,794
DJI_0988_02_03.png,1318,1320,Rock Check Dam,497,506,845,670
DJI_0416_03_03.png,1318,1320,Rock Check Dam,1230,1,1319,269
DJI_0395_01_04.png,1318,1320,Rock Check Dam,730,287,474,0
DJI_0877_03_02.png,1318,1320,Rock Check Dam,122,584,595,780
DJI_0767_03_03.png,1318,1320,Rock Check Dam,774,450,976,922
DJI_0950_01_01.png,1318,1320,Rock Check Dam,466,965,726,1071
DJI_0789_01_03.png,1318,1320,Rock Check Dam,237,195,58,3
DJI_0808_01_04.png,1318,1320,Rock Check Dam,28,472,164,694
DJI_0808_01_04.png,1318,1320,Rock Check Dam,731,566,881,848
DJI_0808_01_04.png,1318,1320,Rock Check Dam,1049,638,1218,878
DJI_0495_01_02.png,1318,1320,Rock Check Dam,1319,865,1243,1053
DJI_0475_01_04.png,1318,1320,Rock Check Dam,940,30,796,191
DJI_0904_02_02.png,1318,1320,Rock Check Dam,312,2,663,44
DJI_0720_02_03.png,1318,1320,Rock Check Dam,262,332,411,46
DJI_0811_02_04.png,1318,1320,Rock Check Dam,1,903,77,1173
DJI_0811_02_04.png,1318,1320,Rock Check Dam,721,972,883,1317
DJI_0811_02_04.png,1318,1320,Rock Check Dam,1027,1067,1263,1317
DJI_0957_03_04.png,1318,1320,Rock Check Dam,4,19,47,106
DJI_0629_01_01.png,1318,1320,Rock Check Dam,840,188,590,320
DJI_0629_01_01.png,1318,1320,Rock Check Dam,776,605,547,771
DJI_0889_03_02.png,1318,1320,Rock Check Dam,5,625,533,863
DJI_0977_01_03.png,1318,1320,Rock Check Dam,669,3,866,37
DJI_0977_01_03.png,1318,1320,Rock Check Dam,583,1105,892,1268
DJI_0673_03_03.png,1318,1320,Rock Check Dam,574,287,919,472
DJI_0833_02_01.png,1318,1320,Rock Check Dam,6,119,236,444
DJI_0887_03_02.png,1318,1320,Rock Check Dam,0,937,441,1201
DJI_0761_02_01.png,1318,1320,Rock Check Dam,686,827,994,413
DJI_0942_03_04.png,1318,1320,Rock Check Dam,728,623,1224,822
DJI_0773_01_03.png,1318,1320,Rock Check Dam,839,1272,1010,865
DJI_0780_03_01.png,1318,1320,Rock Check Dam,1,1115,250,540
DJI_0957_02_03.png,1318,1320,Rock Check Dam,1062,1234,1244,1317
DJI_0465_02_01.png,1318,1320,Rock Check Dam,1124,937,1319,716
DJI_0515_02_04.png,1318,1320,Rock Check Dam,904,996,1064,1241
DJI_0757_02_03.png,1318,1320,Rock Check Dam,717,1299,866,863
DJI_0868_02_02.png,1318,1320,Rock Check Dam,822,489,1319,673
DJI_0649_02_03.png,1318,1320,Rock Check Dam,682,423,930,567
DJI_0947_02_04.png,1318,1320,Rock Check Dam,333,382,820,540
DJI_0414_02_04.png,1318,1320,Rock Check Dam,114,1,0,104
DJI_0984_02_03.png,1318,1320,Rock Check Dam,562,2,816,68
DJI_0984_02_03.png,1318,1320,Rock Check Dam,517,1139,831,1308
DJI_0942_02_01.png,1318,1320,Rock Check Dam,334,110,812,230
DJI_0845_01_02.png,1318,1320,Rock Check Dam,1040,689,1192,903
DJI_0897_01_02.png,1318,1320,Rock Check Dam,762,889,1219,1067
DJI_0897_01_02.png,1318,1320,Rock Check Dam,679,1170,1191,1317
DJI_0969_01_03.png,1318,1320,Rock Check Dam,586,977,897,1119
DJI_0997_01_03.png,1318,1320,Rock Check Dam,460,1,761,30
DJI_0997_01_03.png,1318,1320,Rock Check Dam,706,488,440,602
DJI_0740_03_03.png,1318,1320,Rock Check Dam,1318,277,1215,603
DJI_0875_02_02.png,1318,1320,Rock Check Dam,300,494,733,654
DJI_0390_01_02.png,1318,1320,Rock Check Dam,420,50,199,310
DJI_0460_02_03.png,1318,1320,Rock Check Dam,589,210,443,402
DJI_0668_01_03.png,1318,1320,Rock Check Dam,628,150,902,313
DJI_0964_03_03.png,1318,1320,Rock Check Dam,502,1,985,85
DJI_0730_02_01.png,1318,1320,Rock Check Dam,1014,788,759,1282
DJI_0458_01_01.png,1318,1320,Rock Check Dam,727,256,881,57
DJI_0774_02_03.png,1318,1320,Rock Check Dam,789,571,960,129
DJI_0668_03_01.png,1318,1320,Rock Check Dam,728,1,964,98
DJI_0662_03_03.png,1318,1320,Rock Check Dam,885,187,630,347
DJI_0662_03_03.png,1318,1320,Rock Check Dam,875,1133,523,1316
DJI_0672_02_03.png,1318,1320,Rock Check Dam,604,1106,944,1308
DJI_0755_01_03.png,1318,1320,Rock Check Dam,788,1232,926,880
DJI_0725_03_04.png,1318,1320,Rock Check Dam,491,757,234,1165
DJI_0761_03_03.png,1318,1320,Rock Check Dam,573,719,921,218
DJI_0966_02_03.png,1318,1320,Rock Check Dam,438,1051,964,1236
DJI_0897_03_02.png,1318,1320,Rock Check Dam,467,77,981,295
DJI_0753_03_02.png,1318,1320,Rock Check Dam,317,1316,558,584
DJI_0783_02_02.png,1318,1320,Rock Check Dam,959,420,1151,0
DJI_0735_03_02.png,1318,1320,Rock Check Dam,1318,816,1072,1317
DJI_0945_01_01.png,1318,1320,Rock Check Dam,559,533,892,658
DJI_0896_02_02.png,1318,1320,Rock Check Dam,605,701,1091,915
DJI_0799_01_01.png,1318,1320,Rock Check Dam,0,274,172,0
DJI_0827_01_01.png,1318,1320,Rock Check Dam,886,614,1079,876
DJI_0879_01_02.png,1318,1320,Rock Check Dam,276,1201,775,1317
DJI_0879_01_02.png,1318,1320,Rock Check Dam,488,43,895,168
DJI_0499_03_04.png,1318,1320,Rock Check Dam,1226,1188,1317,1317
DJI_0441_01_04.png,1318,1320,Rock Check Dam,1199,1123,996,1317
DJI_0441_01_04.png,1318,1320,Rock Check Dam,623,1140,435,1316
DJI_0441_01_04.png,1318,1320,Rock Check Dam,81,1113,1,1317
DJI_0872_01_02.png,1318,1320,Rock Check Dam,573,154,939,289
DJI_0407_02_01.png,1318,1320,Rock Check Dam,1113,594,850,980
DJI_0476_01_04.png,1318,1320,Rock Check Dam,864,513,720,687
DJI_0712_03_03.png,1318,1320,Rock Check Dam,744,1,958,277
DJI_0813_03_03.png,1318,1320,Rock Check Dam,1217,1212,1318,1317
DJI_0458_01_03.png,1318,1320,Rock Check Dam,804,436,678,599
DJI_0513_01_02.png,1318,1320,Rock Check Dam,909,1099,1052,934
DJI_0694_02_03.png,1318,1320,Rock Check Dam,644,530,357,780
DJI_0448_03_02.png,1318,1320,Rock Check Dam,476,1022,261,1316
DJI_0727_01_02.png,1318,1320,Rock Check Dam,197,310,0,664
DJI_0844_01_02.png,1318,1320,Rock Check Dam,1124,189,1273,380
DJI_0441_01_01.png,1318,1320,Rock Check Dam,812,763,654,937
DJI_0479_02_02.png,1318,1320,Rock Check Dam,1317,656,1206,964
DJI_0877_01_02.png,1318,1320,Rock Check Dam,443,149,900,310
DJI_0877_01_02.png,1318,1320,Rock Check Dam,422,399,843,564
DJI_0990_02_04.png,1318,1320,Rock Check Dam,209,188,475,401
DJI_0815_02_03.png,1318,1320,Rock Check Dam,98,1276,197,1317
DJI_0772_01_02.png,1318,1320,Rock Check Dam,939,301,796,564
DJI_0772_01_02.png,1318,1320,Rock Check Dam,166,441,327,196
DJI_0400_03_04.png,1318,1320,Rock Check Dam,1092,1113,846,1317
DJI_0781_01_03.png,1318,1320,Rock Check Dam,3,288,45,546
DJI_0694_03_03.png,1318,1320,Rock Check Dam,393,340,678,502
DJI_0517_03_04.png,1318,1320,Rock Check Dam,958,1116,1132,1317
DJI_0748_02_03.png,1318,1320,Rock Check Dam,112,981,305,1317
DJI_0748_02_03.png,1318,1320,Rock Check Dam,490,1060,651,1317
DJI_0872_03_02.png,1318,1320,Rock Check Dam,576,665,1129,885
DJI_0995_02_03.png,1318,1320,Rock Check Dam,502,96,824,209
DJI_0441_01_02.png,1318,1320,Rock Check Dam,1010,930,857,1122
DJI_0962_02_03.png,1318,1320,Rock Check Dam,665,2,1064,68
DJI_0767_03_02.png,1318,1320,Rock Check Dam,363,920,607,168
DJI_0735_01_03.png,1318,1320,Rock Check Dam,353,220,511,0
DJI_0976_03_03.png,1318,1320,Rock Check Dam,334,1225,717,1317
DJI_0976_03_03.png,1318,1320,Rock Check Dam,488,295,795,464
DJI_0759_03_01.png,1318,1320,Rock Check Dam,63,1313,404,678
DJI_0429_03_02.png,1318,1320,Rock Check Dam,1027,2,1319,111
DJI_0401_01_01.png,1318,1320,Rock Check Dam,2,1174,79,1317
DJI_0879_02_02.png,1318,1320,Rock Check Dam,364,1,760,61
DJI_0879_02_02.png,1318,1320,Rock Check Dam,231,184,712,377
DJI_0758_02_01.png,1318,1320,Rock Check Dam,446,1178,605,1317
DJI_0815_03_04.png,1318,1320,Rock Check Dam,276,1062,524,728
DJI_0866_01_02.png,1318,1320,Rock Check Dam,903,626,1319,779
DJI_0847_02_02.png,1318,1320,Rock Check Dam,834,700,1004,979
DJI_0754_01_04.png,1318,1320,Rock Check Dam,1195,546,1065,830
DJI_0511_02_02.png,1318,1320,Rock Check Dam,2,150,76,0
DJI_0957_03_03.png,1318,1320,Rock Check Dam,1068,3,1319,135
DJI_0971_02_03.png,1318,1320,Rock Check Dam,524,857,868,1010
DJI_0839_02_01.png,1318,1320,Rock Check Dam,177,480,433,919
DJI_0753_01_02.png,1318,1320,Rock Check Dam,1065,89,1206,0
DJI_0794_03_02.png,1318,1320,Rock Check Dam,780,594,1048,295
DJI_0794_03_02.png,1318,1320,Rock Check Dam,412,595,663,194
DJI_0699_02_03.png,1318,1320,Rock Check Dam,703,440,338,646
DJI_0788_03_01.png,1318,1320,Rock Check Dam,798,1213,1071,628
DJI_0952_02_04.png,1318,1320,Rock Check Dam,350,626,845,780
DJI_0632_02_01.png,1318,1320,Rock Check Dam,617,2,282,158
DJI_0632_02_01.png,1318,1320,Rock Check Dam,555,519,257,684
DJI_0632_02_01.png,1318,1320,Rock Check Dam,455,1088,189,1268
DJI_0420_03_04.png,1318,1320,Rock Check Dam,1316,402,1043,1250
DJI_0462_02_02.png,1318,1320,Rock Check Dam,686,1258,522,1317
DJI_0902_03_02.png,1318,1320,Rock Check Dam,119,164,838,378
DJI_0743_02_01.png,1318,1320,Rock Check Dam,280,629,539,387
DJI_0993_02_03.png,1318,1320,Rock Check Dam,563,228,852,355
DJI_0764_01_03.png,1318,1320,Rock Check Dam,860,1063,1017,1317
DJI_0406_02_01.png,1318,1320,Rock Check Dam,1237,1,999,241
DJI_0862_01_03.png,1318,1320,Rock Check Dam,44,911,476,1159
DJI_0943_03_01.png,1318,1320,Rock Check Dam,3,930,421,1156
DJI_0667_03_03.png,1318,1320,Rock Check Dam,502,539,757,741
DJI_0971_03_03.png,1318,1320,Rock Check Dam,396,292,799,461
DJI_0717_03_02.png,1318,1320,Rock Check Dam,48,543,3,1003
DJI_0939_02_01.png,1318,1320,Rock Check Dam,231,1034,619,1201
DJI_0895_01_02.png,1318,1320,Rock Check Dam,948,91,1319,282
DJI_0991_02_03.png,1318,1320,Rock Check Dam,693,644,998,825
DJI_0645_03_03.png,1318,1320,Rock Check Dam,630,5,1034,233
DJI_0894_02_02.png,1318,1320,Rock Check Dam,639,868,1101,1098
DJI_0845_01_04.png,1318,1320,Rock Check Dam,1266,854,1319,1062
DJI_0478_02_04.png,1318,1320,Rock Check Dam,788,285,630,489
DJI_0983_02_03.png,1318,1320,Rock Check Dam,533,387,834,549
DJI_0958_03_03.png,1318,1320,Rock Check Dam,755,584,1089,768
DJI_0404_01_01.png,1318,1320,Rock Check Dam,285,22,74,267
DJI_0782_01_01.png,1318,1320,Rock Check Dam,1162,806,973,1140
DJI_0947_03_01.png,1318,1320,Rock Check Dam,4,937,351,1133
DJI_0968_02_03.png,1318,1320,Rock Check Dam,361,1113,901,1317
DJI_0939_03_01.png,1318,1320,Rock Check Dam,3,519,366,677
DJI_0738_02_01.png,1318,1320,Rock Check Dam,866,2,1074,302
DJI_0671_02_03.png,1318,1320,Rock Check Dam,620,485,943,644
DJI_0967_01_03.png,1318,1320,Rock Check Dam,637,2,926,74
DJI_0967_01_03.png,1318,1320,Rock Check Dam,544,454,865,582
DJI_0768_03_04.png,1318,1320,Rock Check Dam,1125,1170,1318,1317
DJI_0836_01_01.png,1318,1320,Rock Check Dam,680,44,890,364
DJI_0771_03_04.png,1318,1320,Rock Check Dam,867,963,1046,1317
DJI_0729_02_04.png,1318,1320,Rock Check Dam,98,508,283,954
DJI_0740_02_01.png,1318,1320,Rock Check Dam,676,1106,472,1316
DJI_0712_03_04.png,1318,1320,Rock Check Dam,1317,272,1106,2
DJI_0999_02_03.png,1318,1320,Rock Check Dam,453,325,744,451
DJI_0683_02_03.png,1318,1320,Rock Check Dam,374,1161,746,1317
DJI_0408_03_01.png,1318,1320,Rock Check Dam,934,3,707,364
DJI_0646_02_03.png,1318,1320,Rock Check Dam,657,549,1043,757
DJI_0646_02_03.png,1318,1320,Rock Check Dam,689,29,982,195
DJI_0726_03_03.png,1318,1320,Rock Check Dam,3,1163,54,1317
DJI_0738_02_03.png,1318,1320,Rock Check Dam,4,163,138,496
DJI_0732_03_01.png,1318,1320,Rock Check Dam,318,1115,542,1313
DJI_0671_01_03.png,1318,1320,Rock Check Dam,630,471,903,616
DJI_0643_02_03.png,1318,1320,Rock Check Dam,792,19,1171,209
DJI_0440_01_01.png,1318,1320,Rock Check Dam,1026,181,876,339
DJI_0440_01_01.png,1318,1320,Rock Check Dam,214,80,55,254
DJI_0786_03_01.png,1318,1320,Rock Check Dam,180,888,412,1317
DJI_0831_03_02.png,1318,1320,Rock Check Dam,972,903,1160,1286
DJI_0763_01_02.png,1318,1320,Rock Check Dam,848,768,1042,268
DJI_0423_01_02.png,1318,1320,Rock Check Dam,1296,818,1099,1095
DJI_0423_01_02.png,1318,1320,Rock Check Dam,772,822,597,1058
DJI_0423_01_02.png,1318,1320,Rock Check Dam,254,796,69,998
DJI_0792_02_04.png,1318,1320,Rock Check Dam,3,336,41,622
DJI_0792_02_04.png,1318,1320,Rock Check Dam,525,422,755,772
DJI_0439_01_03.png,1318,1320,Rock Check Dam,631,1,812,115
DJI_0642_01_04.png,1318,1320,Rock Check Dam,664,2,883,89
DJI_0642_01_04.png,1318,1320,Rock Check Dam,212,882,543,1126
DJI_0628_02_01.png,1318,1320,Rock Check Dam,575,412,337,574
DJI_0480_03_02.png,1318,1320,Rock Check Dam,1103,5,1248,341
DJI_0896_03_02.png,1318,1320,Rock Check Dam,295,1084,821,1317
DJI_0773_01_04.png,1318,1320,Rock Check Dam,745,963,903,1316
DJI_0720_02_01.png,1318,1320,Rock Check Dam,1,115,129,0
DJI_0511_01_04.png,1318,1320,Rock Check Dam,1059,180,1192,344
DJI_0497_02_02.png,1318,1320,Rock Check Dam,1130,726,993,956
DJI_0846_02_01.png,1318,1320,Rock Check Dam,27,3,212,141
DJI_0951_03_01.png,1318,1320,Rock Check Dam,3,382,295,549
DJI_0691_03_03.png,1318,1320,Rock Check Dam,575,147,310,288
DJI_0848_03_03.png,1318,1320,Rock Check Dam,803,193,984,566
DJI_0971_01_03.png,1318,1320,Rock Check Dam,607,3,848,118
DJI_0971_01_03.png,1318,1320,Rock Check Dam,493,526,820,709
DJI_0971_01_03.png,1318,1320,Rock Check Dam,503,830,751,972
DJI_0634_01_01.png,1318,1320,Rock Check Dam,327,1191,666,1316
DJI_0882_03_01.png,1318,1320,Rock Check Dam,1152,994,1319,1271
DJI_0882_03_01.png,1318,1320,Rock Check Dam,1205,571,1319,751
DJI_0746_01_02.png,1318,1320,Rock Check Dam,90,1312,266,930
DJI_0442_01_01.png,1318,1320,Rock Check Dam,643,1258,537,1317
DJI_0955_01_01.png,1318,1320,Rock Check Dam,688,553,861,610
DJI_0659_01_03.png,1318,1320,Rock Check Dam,720,968,945,1096
DJI_0880_02_02.png,1318,1320,Rock Check Dam,181,472,710,671
DJI_0880_02_02.png,1318,1320,Rock Check Dam,132,808,631,1022
DJI_0741_03_01.png,1318,1320,Rock Check Dam,169,984,462,464
DJI_0949_03_04.png,1318,1320,Rock Check Dam,483,470,999,656
DJI_0962_03_03.png,1318,1320,Rock Check Dam,616,344,1034,541
DJI_0985_01_03.png,1318,1320,Rock Check Dam,576,44,864,180
DJI_0726_01_03.png,1318,1320,Rock Check Dam,417,247,252,0
DJI_0877_02_02.png,1318,1320,Rock Check Dam,263,281,912,456
DJI_0951_03_04.png,1318,1320,Rock Check Dam,495,261,1002,457
DJI_0945_02_01.png,1318,1320,Rock Check Dam,210,730,651,884
DJI_0670_01_03.png,1318,1320,Rock Check Dam,634,1,881,92
DJI_0670_01_03.png,1318,1320,Rock Check Dam,624,1168,930,1317
DJI_0775_02_01.png,1318,1320,Rock Check Dam,998,947,1194,610
DJI_0771_03_01.png,1318,1320,Rock Check Dam,1318,1088,1273,1317
DJI_0815_03_03.png,1318,1320,Rock Check Dam,3,292,224,1
DJI_0775_03_04.png,1318,1320,Rock Check Dam,803,1,939,89
DJI_0448_03_01.png,1318,1320,Rock Check Dam,678,794,417,1133
DJI_0819_01_03.png,1318,1320,Rock Check Dam,364,779,600,1143
DJI_0945_02_04.png,1318,1320,Rock Check Dam,375,515,921,698
DJI_0945_02_04.png,1318,1320,Rock Check Dam,416,867,926,1047
DJI_0880_01_02.png,1318,1320,Rock Check Dam,428,516,836,674
DJI_0426_02_01.png,1318,1320,Rock Check Dam,243,1239,15,1317
DJI_0902_02_02.png,1318,1320,Rock Check Dam,524,3,926,119
DJI_0998_01_03.png,1318,1320,Rock Check Dam,461,1012,737,1139
DJI_0998_01_03.png,1318,1320,Rock Check Dam,458,396,794,523
DJI_0944_03_04.png,1318,1320,Rock Check Dam,583,446,1319,631
DJI_0763_01_04.png,1318,1320,Rock Check Dam,907,443,1136,806
DJI_0631_02_01.png,1318,1320,Rock Check Dam,626,2,357,92
DJI_0631_02_01.png,1318,1320,Rock Check Dam,544,477,289,649
DJI_0784_02_04.png,1318,1320,Rock Check Dam,192,617,408,1078
DJI_0746_01_03.png,1318,1320,Rock Check Dam,579,1070,748,1316
DJI_0746_01_03.png,1318,1320,Rock Check Dam,431,1003,244,1317
DJI_0411_03_04.png,1318,1320,Rock Check Dam,1317,918,1134,1263
DJI_0411_03_04.png,1318,1320,Rock Check Dam,765,651,488,1091
DJI_0461_02_03.png,1318,1320,Rock Check Dam,497,806,335,1025
DJI_0760_03_01.png,1318,1320,Rock Check Dam,80,1316,225,1265
DJI_0636_02_01.png,1318,1320,Rock Check Dam,20,1215,409,1317
DJI_0429_02_02.png,1318,1320,Rock Check Dam,1283,1106,1051,1316
DJI_0429_02_02.png,1318,1320,Rock Check Dam,745,820,431,1218
DJI_0744_01_02.png,1318,1320,Rock Check Dam,489,161,629,0
DJI_0748_03_03.png,1318,1320,Rock Check Dam,97,2,272,234
DJI_0748_03_03.png,1318,1320,Rock Check Dam,473,2,691,243
DJI_0480_02_01.png,1318,1320,Rock Check Dam,581,1087,370,1317
DJI_0759_03_04.png,1318,1320,Rock Check Dam,1317,1023,1300,1143
DJI_0821_02_03.png,1318,1320,Rock Check Dam,306,631,566,1073
DJI_0442_02_03.png,1318,1320,Rock Check Dam,1319,315,1154,561
DJI_0442_02_03.png,1318,1320,Rock Check Dam,582,232,419,467
DJI_0779_03_02.png,1318,1320,Rock Check Dam,843,1,1055,89
DJI_0840_03_01.png,1318,1320,Rock Check Dam,4,0,286,349
DJI_0900_03_02.png,1318,1320,Rock Check Dam,375,298,909,508
DJI_0900_03_02.png,1318,1320,Rock Check Dam,265,678,868,929
DJI_0724_03_01.png,1318,1320,Rock Check Dam,753,1170,905,1317
DJI_0756_01_01.png,1318,1320,Rock Check Dam,803,1315,954,1215
DJI_0714_03_03.png,1318,1320,Rock Check Dam,883,1316,1044,1244
DJI_0718_01_01.png,1318,1320,Rock Check Dam,362,319,558,56
DJI_0424_01_01.png,1318,1320,Rock Check Dam,535,1296,622,1317
DJI_0659_02_03.png,1318,1320,Rock Check Dam,972,349,640,546
DJI_0951_02_04.png,1318,1320,Rock Check Dam,276,16,754,161
DJI_0833_03_03.png,1318,1320,Rock Check Dam,572,166,794,503
DJI_0861_01_03.png,1318,1320,Rock Check Dam,39,363,450,587
DJI_0442_02_04.png,1318,1320,Rock Check Dam,1276,663,1002,336
DJI_0442_02_04.png,1318,1320,Rock Check Dam,621,349,423,629
DJI_0442_02_04.png,1318,1320,Rock Check Dam,2,327,54,564
DJI_0779_02_01.png,1318,1320,Rock Check Dam,642,715,1031,299
DJI_0945_03_01.png,1318,1320,Rock Check Dam,3,941,389,1130
DJI_0772_01_01.png,1318,1320,Rock Check Dam,119,380,362,188
DJI_0772_01_01.png,1318,1320,Rock Check Dam,4,129,91,354
DJI_0738_02_02.png,1318,1320,Rock Check Dam,1318,309,1287,496
DJI_0447_03_02.png,1318,1320,Rock Check Dam,638,1,841,71
DJI_0756_02_04.png,1318,1320,Rock Check Dam,1258,263,1112,599
DJI_0982_03_03.png,1318,1320,Rock Check Dam,516,299,857,478
DJI_0829_02_02.png,1318,1320,Rock Check Dam,1122,694,1297,1020
DJI_0961_02_03.png,1318,1320,Rock Check Dam,676,829,1078,1016
DJI_0818_01_03.png,1318,1320,Rock Check Dam,407,254,624,586
DJI_0680_01_03.png,1318,1320,Rock Check Dam,337,619,664,809
DJI_0752_03_03.png,1318,1320,Rock Check Dam,1316,484,1159,0
DJI_0752_03_03.png,1318,1320,Rock Check Dam,1003,1,806,367
DJI_0458_01_02.png,1318,1320,Rock Check Dam,1140,303,1265,475
DJI_0895_03_02.png,1318,1320,Rock Check Dam,474,270,983,518
DJI_0416_03_04.png,1318,1320,Rock Check Dam,0,288,184,0
DJI_0970_02_03.png,1318,1320,Rock Check Dam,547,270,871,429
DJI_0970_02_03.png,1318,1320,Rock Check Dam,428,953,810,1109
DJI_0990_03_03.png,1318,1320,Rock Check Dam,1123,32,1319,223
DJI_0903_02_02.png,1318,1320,Rock Check Dam,408,630,828,795
DJI_0501_03_04.png,1318,1320,Rock Check Dam,919,1049,699,1317
DJI_0483_02_02.png,1318,1320,Rock Check Dam,413,936,190,1272
DJI_0828_02_03.png,1318,1320,Rock Check Dam,2,47,62,277
DJI_0783_02_01.png,1318,1320,Rock Check Dam,809,57,1015,428
DJI_0638_01_04.png,1318,1320,Rock Check Dam,565,3,1071,129
DJI_0777_03_02.png,1318,1320,Rock Check Dam,325,909,65,1317
DJI_0785_03_01.png,1318,1320,Rock Check Dam,405,541,645,88
DJI_0679_01_03.png,1318,1320,Rock Check Dam,657,139,352,325
DJI_0679_01_03.png,1318,1320,Rock Check Dam,620,819,395,937
DJI_0766_02_03.png,1318,1320,Rock Check Dam,804,975,971,1317
DJI_0795_03_02.png,1318,1320,Rock Check Dam,363,1057,529,1315
DJI_0795_03_02.png,1318,1320,Rock Check Dam,767,1154,944,1317
DJI_0770_03_04.png,1318,1320,Rock Check Dam,850,461,1067,1249
DJI_0722_03_01.png,1318,1320,Rock Check Dam,1038,206,1238,0
DJI_0771_03_03.png,1318,1320,Rock Check Dam,377,878,562,1317
DJI_0831_03_01.png,1318,1320,Rock Check Dam,66,766,323,1169
DJI_0901_03_02.png,1318,1320,Rock Check Dam,207,1175,768,1317
DJI_0514_02_02.png,1318,1320,Rock Check Dam,759,310,914,119
DJI_0883_02_02.png,1318,1320,Rock Check Dam,66,1029,543,1213
DJI_0412_03_03.png,1318,1320,Rock Check Dam,259,996,50,1317
DJI_0528_03_01.png,1318,1320,Rock Check Dam,626,322,912,2
DJI_0772_01_03.png,1318,1320,Rock Check Dam,887,733,1059,363
DJI_0882_02_02.png,1318,1320,Rock Check Dam,215,313,683,475
DJI_0447_02_01.png,1318,1320,Rock Check Dam,1255,641,1017,940
DJI_0447_02_01.png,1318,1320,Rock Check Dam,538,309,292,575
DJI_0882_03_02.png,1318,1320,Rock Check Dam,4,574,483,816
DJI_0882_03_02.png,1318,1320,Rock Check Dam,1,999,386,1229
DJI_0893_02_02.png,1318,1320,Rock Check Dam,842,157,1294,378
DJI_0771_03_02.png,1318,1320,Rock Check Dam,0,861,193,1316
DJI_0905_03_02.png,1318,1320,Rock Check Dam,129,760,604,968
DJI_0699_03_03.png,1318,1320,Rock Check Dam,857,689,416,967
DJI_0985_03_03.png,1318,1320,Rock Check Dam,495,591,831,777
DJI_0764_01_04.png,1318,1320,Rock Check Dam,889,982,1090,1317
DJI_0725_02_01.png,1318,1320,Rock Check Dam,1319,887,1204,1175
DJI_0810_02_03.png,1318,1320,Rock Check Dam,1315,231,1251,488
DJI_0663_01_03.png,1318,1320,Rock Check Dam,619,774,821,925
DJI_0895_02_02.png,1318,1320,Rock Check Dam,772,56,1226,243
DJI_0846_02_03.png,1318,1320,Rock Check Dam,849,69,1026,354
DJI_0940_03_01.png,1318,1320,Rock Check Dam,82,341,486,540
DJI_0940_03_01.png,1318,1320,Rock Check Dam,3,1226,209,1317
DJI_0762_03_01.png,1318,1320,Rock Check Dam,1,1229,235,692
DJI_0729_02_01.png,1318,1320,Rock Check Dam,1191,116,950,547
DJI_0940_02_01.png,1318,1320,Rock Check Dam,368,37,861,202
DJI_0649_01_03.png,1318,1320,Rock Check Dam,792,365,1004,478
DJI_0687_01_03.png,1318,1320,Rock Check Dam,493,337,282,451
DJI_0687_01_03.png,1318,1320,Rock Check Dam,523,1116,279,1263
DJI_0669_01_03.png,1318,1320,Rock Check Dam,631,630,919,778
DJI_0457_01_03.png,1318,1320,Rock Check Dam,886,43,766,182
DJI_0829_02_04.png,1318,1320,Rock Check Dam,110,824,270,1169
DJI_0697_03_03.png,1318,1320,Rock Check Dam,452,2,631,60
DJI_0697_03_03.png,1318,1320,Rock Check Dam,796,484,488,684
DJI_0893_01_03.png,1318,1320,Rock Check Dam,5,256,215,405
DJI_0728_02_04.png,1318,1320,Rock Check Dam,132,1,286,267
DJI_0744_03_03.png,1318,1320,Rock Check Dam,448,1315,611,1082
DJI_0721_02_02.png,1318,1320,Rock Check Dam,0,772,91,496
DJI_0974_02_03.png,1318,1320,Rock Check Dam,538,229,820,387
DJI_0974_02_03.png,1318,1320,Rock Check Dam,396,958,774,1154
DJI_0747_02_04.png,1318,1320,Rock Check Dam,859,916,666,302
DJI_0970_01_03.png,1318,1320,Rock Check Dam,523,94,819,253
DJI_0970_01_03.png,1318,1320,Rock Check Dam,521,371,765,495
DJI_0725_02_02.png,1318,1320,Rock Check Dam,4,856,117,1088
DJI_0459_01_02.png,1318,1320,Rock Check Dam,1103,889,948,1077
DJI_0826_01_03.png,1318,1320,Rock Check Dam,87,210,236,454
DJI_0662_01_03.png,1318,1320,Rock Check Dam,666,261,854,406
DJI_0944_01_01.png,1318,1320,Rock Check Dam,664,68,988,191
DJI_0658_01_03.png,1318,1320,Rock Check Dam,728,488,940,612
DJI_0658_01_03.png,1318,1320,Rock Check Dam,961,1127,651,1291
DJI_0771_01_03.png,1318,1320,Rock Check Dam,979,195,1112,0
DJI_0876_02_02.png,1318,1320,Rock Check Dam,222,1127,673,1296
DJI_0885_03_02.png,1318,1320,Rock Check Dam,4,1168,361,1317
DJI_0636_03_01.png,1318,1320,Rock Check Dam,40,1,414,109
DJI_0685_02_03.png,1318,1320,Rock Check Dam,638,423,304,585
DJI_0741_03_03.png,1318,1320,Rock Check Dam,1167,1316,1319,965
DJI_0757_02_01.png,1318,1320,Rock Check Dam,461,1144,752,637
DJI_0391_01_01.png,1318,1320,Rock Check Dam,1317,706,1188,995
DJI_0391_01_01.png,1318,1320,Rock Check Dam,2,612,117,906
DJI_0423_01_01.png,1318,1320,Rock Check Dam,869,709,678,906
DJI_0759_03_02.png,1318,1320,Rock Check Dam,560,761,369,1317
DJI_0795_03_01.png,1318,1320,Rock Check Dam,722,1299,949,944
DJI_0795_03_01.png,1318,1320,Rock Check Dam,0,941,150,1119
DJI_0678_01_03.png,1318,1320,Rock Check Dam,613,329,397,433
DJI_0441_02_04.png,1318,1320,Rock Check Dam,482,1,628,71
DJI_0441_02_04.png,1318,1320,Rock Check Dam,1009,1,1254,99
DJI_0774_01_02.png,1318,1320,Rock Check Dam,4,1264,49,1317
DJI_0528_02_01.png,1318,1320,Rock Check Dam,758,1126,922,1317
DJI_0812_03_01.png,1318,1320,Rock Check Dam,1036,1,1242,350
DJI_0961_01_01.png,1318,1320,Rock Check Dam,2,129,127,258
DJI_0963_03_03.png,1318,1320,Rock Check Dam,571,1089,1010,1308
DJI_0949_01_01.png,1318,1320,Rock Check Dam,561,391,821,484
DJI_0775_02_02.png,1318,1320,Rock Check Dam,365,739,590,1103
DJI_0693_01_03.png,1318,1320,Rock Check Dam,557,610,314,780
DJI_0693_01_03.png,1318,1320,Rock Check Dam,531,192,266,347
DJI_0775_02_04.png,1318,1320,Rock Check Dam,932,1312,756,906
DJI_0745_01_01.png,1318,1320,Rock Check Dam,200,568,434,234
DJI_0844_01_01.png,1318,1320,Rock Check Dam,453,23,610,260
DJI_0631_01_01.png,1318,1320,Rock Check Dam,634,1267,350,1316
DJI_0631_01_01.png,1318,1320,Rock Check Dam,702,726,368,946
DJI_0422_01_03.png,1318,1320,Rock Check Dam,2,296,74,543
DJI_0422_01_03.png,1318,1320,Rock Check Dam,1319,382,1202,663
DJI_0945_01_04.png,1318,1320,Rock Check Dam,219,537,640,646
DJI_0749_03_01.png,1318,1320,Rock Check Dam,905,843,1149,329
DJI_0834_03_01.png,1318,1320,Rock Check Dam,869,953,1057,1317
DJI_0729_02_02.png,1318,1320,Rock Check Dam,1318,299,1201,736
DJI_0772_01_04.png,1318,1320,Rock Check Dam,755,458,908,836
DJI_0773_01_01.png,1318,1320,Rock Check Dam,1,891,173,663
DJI_0968_01_03.png,1318,1320,Rock Check Dam,604,432,904,564
DJI_0968_01_03.png,1318,1320,Rock Check Dam,502,987,844,1122
DJI_0900_01_02.png,1318,1320,Rock Check Dam,757,185,1120,316
DJI_0516_03_02.png,1318,1320,Rock Check Dam,450,418,633,172
DJI_0745_01_02.png,1318,1320,Rock Check Dam,250,734,434,387
DJI_0443_02_02.png,1318,1320,Rock Check Dam,790,832,603,1074
DJI_0793_02_04.png,1318,1320,Rock Check Dam,514,1018,754,1317
DJI_0886_03_02.png,1318,1320,Rock Check Dam,59,202,557,427
DJI_0811_02_03.png,1318,1320,Rock Check Dam,1315,867,1220,1175
DJI_0793_03_04.png,1318,1320,Rock Check Dam,636,1,767,89
DJI_0941_02_04.png,1318,1320,Rock Check Dam,650,1209,1117,1317
DJI_0941_01_01.png,1318,1320,Rock Check Dam,466,880,927,1006
DJI_0682_03_03.png,1318,1320,Rock Check Dam,428,1,692,118
DJI_0776_03_04.png,1318,1320,Rock Check Dam,973,774,772,223
DJI_0728_01_04.png,1318,1320,Rock Check Dam,132,1181,291,1317
DJI_0515_02_02.png,1318,1320,Rock Check Dam,620,918,795,709
DJI_0661_02_03.png,1318,1320,Rock Check Dam,885,906,643,1051
DJI_0718_01_03.png,1318,1320,Rock Check Dam,369,494,511,272
DJI_0673_02_03.png,1318,1320,Rock Check Dam,582,40,872,194
DJI_0768_03_02.png,1318,1320,Rock Check Dam,317,1058,523,1317
DJI_0942_03_01.png,1318,1320,Rock Check Dam,65,75,585,267
DJI_0851_02_02.png,1318,1320,Rock Check Dam,273,800,506,1119
DJI_0866_03_03.png,1318,1320,Rock Check Dam,2,920,477,1229
DJI_0429_02_01.png,1318,1320,Rock Check Dam,761,194,426,537
DJI_0391_01_02.png,1318,1320,Rock Check Dam,133,670,0,979
DJI_0873_01_02.png,1318,1320,Rock Check Dam,504,663,880,806
DJI_0949_03_01.png,1318,1320,Rock Check Dam,2,434,379,610
DJI_0402_02_02.png,1318,1320,Rock Check Dam,945,716,647,1317
DJI_0498_03_02.png,1318,1320,Rock Check Dam,988,94,852,364
DJI_0762_01_01.png,1318,1320,Rock Check Dam,793,1,943,96
DJI_0762_01_01.png,1318,1320,Rock Check Dam,1093,115,1270,0
DJI_0430_03_01.png,1318,1320,Rock Check Dam,1317,1236,1282,1108
DJI_0416_02_02.png,1318,1320,Rock Check Dam,597,653,302,1316
DJI_0460_02_04.png,1318,1320,Rock Check Dam,957,474,793,698
DJI_0477_01_01.png,1318,1320,Rock Check Dam,1164,627,974,861
DJI_0477_01_01.png,1318,1320,Rock Check Dam,379,560,238,734
DJI_0639_03_04.png,1318,1320,Rock Check Dam,690,1091,1319,1315
DJI_0634_03_01.png,1318,1320,Rock Check Dam,66,1,440,226
DJI_0634_03_01.png,1318,1320,Rock Check Dam,35,675,359,885
DJI_0782_01_04.png,1318,1320,Rock Check Dam,196,792,381,1168
DJI_0978_02_03.png,1318,1320,Rock Check Dam,550,364,871,530
DJI_0717_03_03.png,1318,1320,Rock Check Dam,289,692,497,1272
DJI_0790_01_04.png,1318,1320,Rock Check Dam,633,632,789,928
DJI_0790_01_04.png,1318,1320,Rock Check Dam,6,528,136,794
DJI_0761_03_02.png,1318,1320,Rock Check Dam,590,112,761,0
DJI_0781_01_01.png,1318,1320,Rock Check Dam,1163,282,1319,590
DJI_0632_01_01.png,1318,1320,Rock Check Dam,817,87,509,251
DJI_0632_01_01.png,1318,1320,Rock Check Dam,624,1249,289,1317
DJI_0860_01_03.png,1318,1320,Rock Check Dam,9,1,367,99
DJI_0476_01_03.png,1318,1320,Rock Check Dam,359,295,230,505
DJI_0418_03_02.png,1318,1320,Rock Check Dam,378,1033,113,1317
DJI_0497_02_04.png,1318,1320,Rock Check Dam,1317,1049,1181,1310
DJI_0798_03_02.png,1318,1320,Rock Check Dam,3,805,152,1023
DJI_0798_03_02.png,1318,1320,Rock Check Dam,280,806,508,1264
DJI_0743_01_04.png,1318,1320,Rock Check Dam,628,2,811,81
DJI_0763_01_03.png,1318,1320,Rock Check Dam,936,489,1098,806
DJI_0716_02_02.png,1318,1320,Rock Check Dam,17,1270,281,832
DJI_0463_03_04.png,1318,1320,Rock Check Dam,933,1292,758,1317
DJI_0480_03_01.png,1318,1320,Rock Check Dam,381,2,528,119
DJI_0766_03_02.png,1318,1320,Rock Check Dam,504,1,628,60
DJI_0414_01_02.png,1318,1320,Rock Check Dam,816,650,557,1226
DJI_0464_03_02.png,1318,1320,Rock Check Dam,374,1232,204,1317
DJI_0680_02_03.png,1318,1320,Rock Check Dam,400,40,638,170
DJI_0749_03_04.png,1318,1320,Rock Check Dam,712,351,957,1115
DJI_0770_03_02.png,1318,1320,Rock Check Dam,25,908,307,354
DJI_0713_03_03.png,1318,1320,Rock Check Dam,1028,937,795,387
DJI_0643_01_03.png,1318,1320,Rock Check Dam,906,150,1228,326
DJI_0978_01_03.png,1318,1320,Rock Check Dam,616,361,885,498
DJI_0426_03_01.png,1318,1320,Rock Check Dam,1078,68,833,339
DJI_0426_03_01.png,1318,1320,Rock Check Dam,206,1,0,212
DJI_0675_01_03.png,1318,1320,Rock Check Dam,904,1098,668,1213
DJI_0830_03_02.png,1318,1320,Rock Check Dam,1049,116,1230,463
DJI_0398_02_04.png,1318,1320,Rock Check Dam,1007,1312,686,827
DJI_0899_01_02.png,1318,1320,Rock Check Dam,510,906,1150,1094
DJI_0719_01_03.png,1318,1320,Rock Check Dam,319,1032,465,792
DJI_0462_03_04.png,1318,1320,Rock Check Dam,923,475,754,753
